>Actl6b.1,TGCTGTTGACAGTGAGCGCCCGAGCCATCCTGGATCATAATAGTGAAGCCACAGATGTATTATGATCCAGGATGGCTCGGATGCCTACTGCCTCGGA,,,,,,,,,,
>Asxl3.1,TGCTGTTGACAGTGAGCGCCAGCCTGTAGCAATCAGTATATAGTGAAGCCACAGATGTATATACTGATTGCTACAGGCTGTTGCCTACTGCCTCGGA,,,,,,,,,,
>Atad2.1,TGCTGTTGACAGTGAGCGACAGCAGGAGCTCATCAGTATATAGTGAAGCCACAGATGTATATACTGATGAGCTCCTGCTGCTGCCTACTGCCTCGGA,,,,,,,,,,
>Asxl2.1,TGCTGTTGACAGTGAGCGCAAGCAGGTTCTAATAAGAATATAGTGAAGCCACAGATGTATATTCTTATTAGAACCTGCTTTTGCCTACTGCCTCGGA,,,,,,,,,,
>Aff4.1,TGCTGTTGACAGTGAGCGCCAGACGAGAAAGCAAACCCAATAGTGAAGCCACAGATGTATTGGGTTTGCTTTCTCGTCTGTTGCCTACTGCCTCGGA,,,,,,,,,,
>Aurkb.1,TGCTGTTGACAGTGAGCGCCACTATTGACAACTTTGAGAATAGTGAAGCCACAGATGTATTCTCAAAGTTGTCAATAGTGATGCCTACTGCCTCGGA,,,,,,,,,,
>Atm.1,TGCTGTTGACAGTGAGCGACCCCATCATACTTTGTTCATATAGTGAAGCCACAGATGTATATGAACAAAGTATGATGGGGGTGCCTACTGCCTCGGA,,,,,,,,,,
>Ash2l.1,TGCTGTTGACAGTGAGCGCCACTGGCTGATGTTTTGTATATAGTGAAGCCACAGATGTATATACAAAACATCAGCCAGTGTTGCCTACTGCCTCGGA,,,,,,,,,,
>Aff1.1,TGCTGTTGACAGTGAGCGAGACTATGGTCAGCAAAGCTTATAGTGAAGCCACAGATGTATAAGCTTTGCTGACCATAGTCCTGCCTACTGCCTCGGA,,,,,,,,,,
>Atr.1,TGCTGTTGACAGTGAGCGAACGACAAGAATTGTTACTGTATAGTGAAGCCACAGATGTATACAGTAACAATTCTTGTCGTCTGCCTACTGCCTCGGA,,,,,,,,,,
>Atm.2,TGCTGTTGACAGTGAGCGCGCAAACAAAGTCTTAGTGATATAGTGAAGCCACAGATGTATATCACTAAGACTTTGTTTGCATGCCTACTGCCTCGGA,,,,,,,,,,
>Arid2.1,TGCTGTTGACAGTGAGCGCGACATTACTTCACCATCCTTATAGTGAAGCCACAGATGTATAAGGATGGTGAAGTAATGTCTTGCCTACTGCCTCGGA,,,,,,,,,,
>Actl6b.2,TGCTGTTGACAGTGAGCGCGCATTATGAAATGCCCAATGATAGTGAAGCCACAGATGTATCATTGGGCATTTCATAATGCATGCCTACTGCCTCGGA,,,,,,,,,,
>Atr.2,TGCTGTTGACAGTGAGCGCCAGAAACTCAAGGAAAAGATATAGTGAAGCCACAGATGTATATCTTTTCCTTGAGTTTCTGTTGCCTACTGCCTCGGA,,,,,,,,,,
>Atad2b.1,TGCTGTTGACAGTGAGCGACAGAAGGAGAAGAAAATGATATAGTGAAGCCACAGATGTATATCATTTTCTTCTCCTTCTGCTGCCTACTGCCTCGGA,,,,,,,,,,
>Atad2.2,TGCTGTTGACAGTGAGCGCGGACAGAACAGAGAAATACTATAGTGAAGCCACAGATGTATAGTATTTCTCTGTTCTGTCCATGCCTACTGCCTCGGA,,,,,,,,,,
>Aff4.2,TGCTGTTGACAGTGAGCGCCAGGATTGTGATAAGACAATATAGTGAAGCCACAGATGTATATTGTCTTATCACAATCCTGTTGCCTACTGCCTCGGA,,,,,,,,,,
>Atrx.1,TGCTGTTGACAGTGAGCGCCAGCAGGTCAATCATTTTCAATAGTGAAGCCACAGATGTATTGAAAATGATTGACCTGCTGTTGCCTACTGCCTCGGA,,,,,,,,,,
>Asxl3.2,TGCTGTTGACAGTGAGCGCGCAGATTTTTCTTCCTACTTATAGTGAAGCCACAGATGTATAAGTAGGAAGAAAAATCTGCATGCCTACTGCCTCGGA,,,,,,,,,,
>Asxl1.1,TGCTGTTGACAGTGAGCGAGGTACCCATTCTGTCAAATTATAGTGAAGCCACAGATGTATAATTTGACAGAATGGGTACCCTGCCTACTGCCTCGGA,,,,,,,,,,
>Aff1.2,TGCTGTTGACAGTGAGCGCAAAGAGCACAGTAACAAGAGATAGTGAAGCCACAGATGTATCTCTTGTTACTGTGCTCTTTTTGCCTACTGCCTCGGA,,,,,,,,,,
>Atrx.2,TGCTGTTGACAGTGAGCGCAGCAGGATCTCTTGGAATTAATAGTGAAGCCACAGATGTATTAATTCCAAGAGATCCTGCTTTGCCTACTGCCTCGGA,,,,,,,,,,
>Asxl3.3,TGCTGTTGACAGTGAGCGCCAGGAGCAATTAAAGAGCATATAGTGAAGCCACAGATGTATATGCTCTTTAATTGCTCCTGATGCCTACTGCCTCGGA,,,,,,,,,,
>Ash1l.1,TGCTGTTGACAGTGAGCGACAGATCCTCATTGGGTATTAATAGTGAAGCCACAGATGTATTAATACCCAATGAGGATCTGCTGCCTACTGCCTCGGA,,,,,,,,,,
>Arid2.2,TGCTGTTGACAGTGAGCGCAGTACGAGAAAGTTCATCATATAGTGAAGCCACAGATGTATATGATGAACTTTCTCGTACTTTGCCTACTGCCTCGGA,,,,,,,,,,
>Atrx.3,TGCTGTTGACAGTGAGCGCTGAGAATTTAGAACAGTTGTATAGTGAAGCCACAGATGTATACAACTGTTCTAAATTCTCAATGCCTACTGCCTCGGA,,,,,,,,,,
>Atad2b.2,TGCTGTTGACAGTGAGCGCACAAACAGACTTGACTCTATATAGTGAAGCCACAGATGTATATAGAGTCAAGTCTGTTTGTATGCCTACTGCCTCGGA,,,,,,,,,,
>Ash2l.2,TGCTGTTGACAGTGAGCGCGGATCAGGATCTTAGTAATAATAGTGAAGCCACAGATGTATTATTACTAAGATCCTGATCCATGCCTACTGCCTCGGA,,,,,,,,,,
>Actl6b.3,TGCTGTTGACAGTGAGCGCACAGCAAACATGTCAAGTCCATAGTGAAGCCACAGATGTATGGACTTGACATGTTTGCTGTATGCCTACTGCCTCGGA,,,,,,,,,,
>Aurkb.2,TGCTGTTGACAGTGAGCGAGGAGAAGAAGAGCCGTTTCATTAGTGAAGCCACAGATGTAATGAAACGGCTCTTCTTCTCCCTGCCTACTGCCTCGGA,,,,,,,,,,
>Asxl1.2,TGCTGTTGACAGTGAGCGCTAGAGGCACTCTACAAGGTAATAGTGAAGCCACAGATGTATTACCTTGTAGAGTGCCTCTATTGCCTACTGCCTCGGA,,,,,,,,,,
>Asxl2.2,TGCTGTTGACAGTGAGCGACAGGTGGAAAAGGAAAGTATATAGTGAAGCCACAGATGTATATACTTTCCTTTTCCACCTGCTGCCTACTGCCTCGGA,,,,,,,,,,
>Actl6b.4,TGCTGTTGACAGTGAGCGACTGTTTGATCCCTCTAATGTATAGTGAAGCCACAGATGTATACATTAGAGGGATCAAACAGGTGCCTACTGCCTCGGA,,,,,,,,,,
>Atm.3,TGCTGTTGACAGTGAGCGCCAGGATCTTCTCTTAGAGATATAGTGAAGCCACAGATGTATATCTCTAAGAGAAGATCCTGTTGCCTACTGCCTCGGA,,,,,,,,,,
>Atad2.3,TGCTGTTGACAGTGAGCGCTCAGATGTTTCTTGCCCTTTATAGTGAAGCCACAGATGTATAAAGGGCAAGAAACATCTGAATGCCTACTGCCTCGGA,,,,,,,,,,
>Ash1l.2,TGCTGTTGACAGTGAGCGCCCGAAGGATTTTCAAGAAAGATAGTGAAGCCACAGATGTATCTTTCTTGAAAATCCTTCGGATGCCTACTGCCTCGGA,,,,,,,,,,
>Aff1.3,TGCTGTTGACAGTGAGCGAGTATGTGATGTCACTAAAATATAGTGAAGCCACAGATGTATATTTTAGTGACATCACATACCTGCCTACTGCCTCGGA,,,,,,,,,,
>Atr.3,TGCTGTTGACAGTGAGCGCCAGCTGTCTACTGTTATCACATAGTGAAGCCACAGATGTATGTGATAACAGTAGACAGCTGATGCCTACTGCCTCGGA,,,,,,,,,,
>Atad2b.3,TGCTGTTGACAGTGAGCGACAGAACAAATAACTCCTCATATAGTGAAGCCACAGATGTATATGAGGAGTTATTTGTTCTGCTGCCTACTGCCTCGGA,,,,,,,,,,
>Ash2l.3,TGCTGTTGACAGTGAGCGACAGCAAGATGGAGGGACAACATAGTGAAGCCACAGATGTATGTTGTCCCTCCATCTTGCTGCTGCCTACTGCCTCGGA,,,,,,,,,,
>Aff4.3,TGCTGTTGACAGTGAGCGCCCTAAGTACCCTGAAAGCAAATAGTGAAGCCACAGATGTATTTGCTTTCAGGGTACTTAGGATGCCTACTGCCTCGGA,,,,,,,,,,
>Aurkb.3,TGCTGTTGACAGTGAGCGATGCCACAAGAAGAAGGTAATATAGTGAAGCCACAGATGTATATTACCTTCTTCTTGTGGCAGTGCCTACTGCCTCGGA,,,,,,,,,,
>Atad2.4,TGCTGTTGACAGTGAGCGCCAACGGTTTACTACCAGTCTATAGTGAAGCCACAGATGTATAGACTGGTAGTAAACCGTTGTTGCCTACTGCCTCGGA,,,,,,,,,,
>Ash1l.3,TGCTGTTGACAGTGAGCGCGAAGATGATGCTTTGCCCTTATAGTGAAGCCACAGATGTATAAGGGCAAAGCATCATCTTCTTGCCTACTGCCTCGGA,,,,,,,,,,
>Arid2.3,TGCTGTTGACAGTGAGCGAGAGGAGCACCTGCACAGAATATAGTGAAGCCACAGATGTATATTCTGTGCAGGTGCTCCTCCTGCCTACTGCCTCGGA,,,,,,,,,,
>Atm.4,TGCTGTTGACAGTGAGCGACCACAGGAGAGTATGAAAATATAGTGAAGCCACAGATGTATATTTTCATACTCTCCTGTGGGTGCCTACTGCCTCGGA,,,,,,,,,,
>Asxl2.3,TGCTGTTGACAGTGAGCGACTGATGATCGATTTTGTCTAATAGTGAAGCCACAGATGTATTAGACAAAATCGATCATCAGGTGCCTACTGCCTCGGA,,,,,,,,,,
>Asxl1.3,TGCTGTTGACAGTGAGCGCCCCGGGAATACAGTTACCACATAGTGAAGCCACAGATGTATGTGGTAACTGTATTCCCGGGATGCCTACTGCCTCGGA,,,,,,,,,,
>Arid2.4,TGCTGTTGACAGTGAGCGCCAGAGCATACCAGCGTGTACATAGTGAAGCCACAGATGTATGTACACGCTGGTATGCTCTGTTGCCTACTGCCTCGGA,,,,,,,,,,
>Atr.4,TGCTGTTGACAGTGAGCGCCAAATTGATGCCGATGGTAAATAGTGAAGCCACAGATGTATTTACCATCGGCATCAATTTGTTGCCTACTGCCTCGGA,,,,,,,,,,
>Atad2b.4,TGCTGTTGACAGTGAGCGAGACATAGTAGCTTGTCACTTATAGTGAAGCCACAGATGTATAAGTGACAAGCTACTATGTCCTGCCTACTGCCTCGGA,,,,,,,,,,
>Asxl1.4,TGCTGTTGACAGTGAGCGACAGATCCAGAAGGAATATATATAGTGAAGCCACAGATGTATATATATTCCTTCTGGATCTGGTGCCTACTGCCTCGGA,,,,,,,,,,
>Aff1.4,TGCTGTTGACAGTGAGCGCGCCATACACACACCCAGTACATAGTGAAGCCACAGATGTATGTACTGGGTGTGTGTATGGCTTGCCTACTGCCTCGGA,,,,,,,,,,
>Aurkb.4,TGCTGTTGACAGTGAGCGACCACAAGAAGAAGGTAATTCATAGTGAAGCCACAGATGTATGAATTACCTTCTTCTTGTGGCTGCCTACTGCCTCGGA,,,,,,,,,,
>Atrx.4,TGCTGTTGACAGTGAGCGAAGTGGAAACAAGTTGAGTACATAGTGAAGCCACAGATGTATGTACTCAACTTGTTTCCACTCTGCCTACTGCCTCGGA,,,,,,,,,,
>Ash1l.4,TGCTGTTGACAGTGAGCGAGAACAGGATGATTGAGCAATATAGTGAAGCCACAGATGTATATTGCTCAATCATCCTGTTCCTGCCTACTGCCTCGGA,,,,,,,,,,
>Aff4.4,TGCTGTTGACAGTGAGCGCTGGAGGATCTCATCAGAGTAATAGTGAAGCCACAGATGTATTACTCTGATGAGATCCTCCATTGCCTACTGCCTCGGA,,,,,,,,,,
>Asxl3.4,TGCTGTTGACAGTGAGCGCGCATTAAAAAATGCAGATTTATAGTGAAGCCACAGATGTATAAATCTGCATTTTTTAATGCATGCCTACTGCCTCGGA,,,,,,,,,,
>Ash2l.4,TGCTGTTGACAGTGAGCGATGCACGGTTTCCATTAACTTTTAGTGAAGCCACAGATGTAAAAGTTAATGGAAACCGTGCAGTGCCTACTGCCTCGGA,,,,,,,,,,
>Asxl2.4,TGCTGTTGACAGTGAGCGAAGCAAAGAAGATGAAAGTGATTAGTGAAGCCACAGATGTAATCACTTTCATCTTCTTTGCTGTGCCTACTGCCTCGGA,,,,,,,,,,
>Baz1a.1,TGCTGTTGACAGTGAGCGACCAGAGCACAGTCCCAGCTTATAGTGAAGCCACAGATGTATAAGCTGGGACTGTGCTCTGGGTGCCTACTGCCTCGGA,,,,,,,,,,
>Brd2.1,TGCTGTTGACAGTGAGCGAAGAGTGAAAGCTCAGACTCTATAGTGAAGCCACAGATGTATAGAGTCTGAGCTTTCACTCTCTGCCTACTGCCTCGGA,,,,,,,,,,
>Brd3.1,TGCTGTTGACAGTGAGCGCGGACTTCAACACCATGTTTAATAGTGAAGCCACAGATGTATTAAACATGGTGTTGAAGTCCTTGCCTACTGCCTCGGA,,,,,,,,,,
>Brd1.1,TGCTGTTGACAGTGAGCGCGAGGAGGATTTTAATCTCATATAGTGAAGCCACAGATGTATATGAGATTAAAATCCTCCTCATGCCTACTGCCTCGGA,,,,,,,,,,
>Baz2a.1,TGCTGTTGACAGTGAGCGACTCTATGACAACTCCAGTAAATAGTGAAGCCACAGATGTATTTACTGGAGTTGTCATAGAGGTGCCTACTGCCTCGGA,,,,,,,,,,
>Brpf3.1,TGCTGTTGACAGTGAGCGCGAGGAGGACTTTAACCTTATATAGTGAAGCCACAGATGTATATAAGGTTAAAGTCCTCCTCATGCCTACTGCCTCGGA,,,,,,,,,,
>Brd8.1,TGCTGTTGACAGTGAGCGCTCCGAGAGAAGTTGTGTTTAATAGTGAAGCCACAGATGTATTAAACACAACTTCTCTCGGATTGCCTACTGCCTCGGA,,,,,,,,,,
>Bop1.1,TGCTGTTGACAGTGAGCGCGCCATCAAGATGGGGTGGATATAGTGAAGCCACAGATGTATATCCACCCCATCTTGATGGCATGCCTACTGCCTCGGA,,,,,,,,,,
>Baz1b.1,TGCTGTTGACAGTGAGCGCGCAACGGAAAGAATATTTGAATAGTGAAGCCACAGATGTATTCAAATATTCTTTCCGTTGCTTGCCTACTGCCTCGGA,,,,,,,,,,
>Brd8.2,TGCTGTTGACAGTGAGCGACACTATGGAAGAGGCTACCTATAGTGAAGCCACAGATGTATAGGTAGCCTCTTCCATAGTGGTGCCTACTGCCTCGGA,,,,,,,,,,
>Baz2b.1,TGCTGTTGACAGTGAGCGACAGGAAAAAATTAAGAGAATATAGTGAAGCCACAGATGTATATTCTCTTAATTTTTTCCTGCTGCCTACTGCCTCGGA,,,,,,,,,,
>Baz1a.2,TGCTGTTGACAGTGAGCGCAGGGAGGAACTGAAGAAAATATAGTGAAGCCACAGATGTATATTTTCTTCAGTTCCTCCCTTTGCCTACTGCCTCGGA,,,,,,,,,,
>Brd9.2,TGCTGTTGACAGTGAGCGCGGACCTGAGTTCACTGTCTAATAGTGAAGCCACAGATGTATTAGACAGTGAACTCAGGTCCATGCCTACTGCCTCGGA,,,,,,,,,,
>Brd4.1,TGCTGTTGACAGTGAGCGCGCACAATCAAGTCTAAACTAATAGTGAAGCCACAGATGTATTAGTTTAGACTTGATTGTGCTTGCCTACTGCCTCGGA,,,,,,,,,,
>Brd3.2,TGCTGTTGACAGTGAGCGCCCATGTTTACAAACTGTTATATAGTGAAGCCACAGATGTATATAACAGTTTGTAAACATGGTTGCCTACTGCCTCGGA,,,,,,,,,,
>Brpf1.1,TGCTGTTGACAGTGAGCGACAGCCCCTCTGAAGTCTCACATAGTGAAGCCACAGATGTATGTGAGACTTCAGAGGGGCTGGTGCCTACTGCCTCGGA,,,,,,,,,,
>Brd2.2,TGCTGTTGACAGTGAGCGCAGAGACAGTTAAGCCTGGATATAGTGAAGCCACAGATGTATATCCAGGCTTAACTGTCTCTTTGCCTACTGCCTCGGA,,,,,,,,,,
>Bptf.1,TGCTGTTGACAGTGAGCGAGAAGTCCTCTGAGGATTTAAATAGTGAAGCCACAGATGTATTTAAATCCTCAGAGGACTTCGTGCCTACTGCCTCGGA,,,,,,,,,,
>Baz1b.2,TGCTGTTGACAGTGAGCGCACGGAAAGAATATTTGAAAAATAGTGAAGCCACAGATGTATTTTTCAAATATTCTTTCCGTTTGCCTACTGCCTCGGA,,,,,,,,,,
>Brpf1.2,TGCTGTTGACAGTGAGCGAAGAGGCTGGATGAAGTCAATATAGTGAAGCCACAGATGTATATTGACTTCATCCAGCCTCTCTGCCTACTGCCTCGGA,,,,,,,,,,
>Brd2.3,TGCTGTTGACAGTGAGCGAGAAGCTGTCAGAGCAGTTAAATAGTGAAGCCACAGATGTATTTAACTGCTCTGACAGCTTCCTGCCTACTGCCTCGGA,,,,,,,,,,
>Bmi1.1,TGCTGTTGACAGTGAGCGCGATGAGGAGAAGAGGATTATATAGTGAAGCCACAGATGTATATAATCCTCTTCTCCTCATCTTGCCTACTGCCTCGGA,,,,,,,,,,
>Baz2b.2,TGCTGTTGACAGTGAGCGAAAGAGGATGATGAAGATGATATAGTGAAGCCACAGATGTATATCATCTTCATCATCCTCTTCTGCCTACTGCCTCGGA,,,,,,,,,,
>Brpf1.3,TGCTGTTGACAGTGAGCGCCACAGTCTTCCTAGAACCTATTAGTGAAGCCACAGATGTAATAGGTTCTAGGAAGACTGTGTTGCCTACTGCCTCGGA,,,,,,,,,,
>Brd4.2,TGCTGTTGACAGTGAGCGCCTCCAGGATGTGTTTGAAATATAGTGAAGCCACAGATGTATATTTCAAACACATCCTGGAGTTGCCTACTGCCTCGGA,,,,,,,,,,
>Bop1.2,TGCTGTTGACAGTGAGCGCGGAGAGGAAGCTTAACTTCTATAGTGAAGCCACAGATGTATAGAAGTTAAGCTTCCTCTCCATGCCTACTGCCTCGGA,,,,,,,,,,
>Baz1a.3,TGCTGTTGACAGTGAGCGCCATCAGCAAATGCAAAGTACATAGTGAAGCCACAGATGTATGTACTTTGCATTTGCTGATGTTGCCTACTGCCTCGGA,,,,,,,,,,
>Brpf3.2,TGCTGTTGACAGTGAGCGACCTCCAGATCCCCCAACCCTATAGTGAAGCCACAGATGTATAGGGTTGGGGGATCTGGAGGGTGCCTACTGCCTCGGA,,,,,,,,,,
>Bptf.2,TGCTGTTGACAGTGAGCGCAAGACGAGAACGTCAATGGAATAGTGAAGCCACAGATGTATTCCATTGACGTTCTCGTCTTTTGCCTACTGCCTCGGA,,,,,,,,,,
>Brd1.2,TGCTGTTGACAGTGAGCGAAGCTGATATCTTGTATTGAAATAGTGAAGCCACAGATGTATTTCAATACAAGATATCAGCTCTGCCTACTGCCTCGGA,,,,,,,,,,
>Baz1a.4,TGCTGTTGACAGTGAGCGCCATCAGCAAATGCAAAGTACATAGTGAAGCCACAGATGTATGTACTTTGCATTTGCTGATGTTGCCTACTGCCTCGGA,,,,,,,,,,
>Brd8.3,TGCTGTTGACAGTGAGCGCCAGACCATGATGTCTATCACATAGTGAAGCCACAGATGTATGTGATAGACATCATGGTCTGATGCCTACTGCCTCGGA,,,,,,,,,,
>Brd3.3,TGCTGTTGACAGTGAGCGCCCCAGACGAGATTGAGATTGATAGTGAAGCCACAGATGTATCAATCTCAATCTCGTCTGGGTTGCCTACTGCCTCGGA,,,,,,,,,,
>Bmi1.2,TGCTGTTGACAGTGAGCGAGAAAGTGACTCTGGGAGTGAATAGTGAAGCCACAGATGTATTCACTCCCAGAGTCACTTTCCTGCCTACTGCCTCGGA,,,,,,,,,,
>Baz1b.3,TGCTGTTGACAGTGAGCGACAGATGACTTTGTTGGATATATAGTGAAGCCACAGATGTATATATCCAACAAAGTCATCTGCTGCCTACTGCCTCGGA,,,,,,,,,,
>Brd9.3,TGCTGTTGACAGTGAGCGCGACAAGATTGTAGCTAATGAATAGTGAAGCCACAGATGTATTCATTAGCTACAATCTTGTCTTGCCTACTGCCTCGGA,,,,,,,,,,
>Brd4.3,TGCTGTTGACAGTGAGCGAGAGGATAAGTGTAAGCCCATATAGTGAAGCCACAGATGTATATGGGCTTACACTTATCCTCCTGCCTACTGCCTCGGA,,,,,,,,,,
>Bop1.3,TGCTGTTGACAGTGAGCGAGAAACGACGTTTGGAACCTGATAGTGAAGCCACAGATGTATCAGGTTCCAAACGTCGTTTCCTGCCTACTGCCTCGGA,,,,,,,,,,
>Baz2a.3,TGCTGTTGACAGTGAGCGACACCAGAGAAGACTTGACCTATAGTGAAGCCACAGATGTATAGGTCAAGTCTTCTCTGGTGGTGCCTACTGCCTCGGA,,,,,,,,,,
>Brpf3.3,TGCTGTTGACAGTGAGCGATGCCACAATAGCAATGTCATATAGTGAAGCCACAGATGTATATGACATTGCTATTGTGGCACTGCCTACTGCCTCGGA,,,,,,,,,,
>Brd3.4,TGCTGTTGACAGTGAGCGCCCTCCGGGAGATGCTGTCCAATAGTGAAGCCACAGATGTATTGGACAGCATCTCCCGGAGGATGCCTACTGCCTCGGA,,,,,,,,,,
>Bmi1.3,TGCTGTTGACAGTGAGCGACCTCACATTTCCAGTACCATATAGTGAAGCCACAGATGTATATGGTACTGGAAATGTGAGGGTGCCTACTGCCTCGGA,,,,,,,,,,
>Baz2b.3,TGCTGTTGACAGTGAGCGAACGAGGAGAAAGACCAGGAGATAGTGAAGCCACAGATGTATCTCCTGGTCTTTCTCCTCGTCTGCCTACTGCCTCGGA,,,,,,,,,,
>Brd8.4,TGCTGTTGACAGTGAGCGATGCAATGACATTGCAATGAAATAGTGAAGCCACAGATGTATTTCATTGCAATGTCATTGCAGTGCCTACTGCCTCGGA,,,,,,,,,,
>Brd1.3,TGCTGTTGACAGTGAGCGAAGACGCACTTCTGTTCTCTTATAGTGAAGCCACAGATGTATAAGAGAACAGAAGTGCGTCTGTGCCTACTGCCTCGGA,,,,,,,,,,
>Bptf.3,TGCTGTTGACAGTGAGCGAAGAGAGCAGTTAACAGATGTATAGTGAAGCCACAGATGTATACATCTGTTAACTGCTCTCTCTGCCTACTGCCTCGGA,,,,,,,,,,
>Baz2b.4,TGCTGTTGACAGTGAGCGAAGGAAGAAGATGAAGAGGATATAGTGAAGCCACAGATGTATATCCTCTTCATCTTCTTCCTCTGCCTACTGCCTCGGA,,,,,,,,,,
>Brd9.4,TGCTGTTGACAGTGAGCGCCCTTCAGTCTCCAGAACCTGATAGTGAAGCCACAGATGTATCAGGTTCTGGAGACTGAAGGATGCCTACTGCCTCGGA,,,,,,,,,,
>Brd4.4,TGCTGTTGACAGTGAGCGCGGACTTCAACACTATGTTTAATAGTGAAGCCACAGATGTATTAAACATAGTGTTGAAGTCCTTGCCTACTGCCTCGGA,,,,,,,,,,
>Bptf.4,TGCTGTTGACAGTGAGCGAGCAGCTAATGAGGAAATTTTGTAGTGAAGCCACAGATGTACAAAATTTCCTCATTAGCTGCCTGCCTACTGCCTCGGA,,,,,,,,,,
>Baz1b.4,TGCTGTTGACAGTGAGCGAGGACGGAGACAGAAGAAGTAATAGTGAAGCCACAGATGTATTACTTCTTCTGTCTCCGTCCCTGCCTACTGCCTCGGA,,,,,,,,,,
>Brpf3.4,TGCTGTTGACAGTGAGCGCGCACAGAGGATGAACACTATATAGTGAAGCCACAGATGTATATAGTGTTCATCCTCTGTGCTTGCCTACTGCCTCGGA,,,,,,,,,,
>Brpf1.4,TGCTGTTGACAGTGAGCGCAGACCTTCTGCCACAATTTGATAGTGAAGCCACAGATGTATCAAATTGTGGCAGAAGGTCTTTGCCTACTGCCTCGGA,,,,,,,,,,
>Bmi1.4,TGCTGTTGACAGTGAGCGAAGATAAAACTCTTCAAGATAATAGTGAAGCCACAGATGTATTATCTTGAAGAGTTTTATCTGTGCCTACTGCCTCGGA,,,,,,,,,,
>Baz2a.4,TGCTGTTGACAGTGAGCGACACCAGAGAAGACTTGACCTATAGTGAAGCCACAGATGTATAGGTCAAGTCTTCTCTGGTGGTGCCTACTGCCTCGGA,,,,,,,,,,
>Brd2.4,TGCTGTTGACAGTGAGCGACTCAGACTCTGAGGAGGAAAATAGTGAAGCCACAGATGTATTTTCCTCCTCAGAGTCTGAGCTGCCTACTGCCTCGGA,,,,,,,,,,
>Bop1.4,TGCTGTTGACAGTGAGCGCGGAGAGGAAGCTTAACTTCTTTAGTGAAGCCACAGATGTAAAGAAGTTAAGCTTCCTCTCCATGCCTACTGCCTCGGA,,,,,,,,,,
>Brd1.4,TGCTGTTGACAGTGAGCGAGAGAAGGACCCTGCAAAGATATAGTGAAGCCACAGATGTATATCTTTGCAGGGTCCTTCTCCTGCCTACTGCCTCGGA,,,,,,,,,,
>Brwd1.1,TGCTGTTGACAGTGAGCGCTCCAGTGACAAGGAAAGTAAATAGTGAAGCCACAGATGTATTTACTTTCCTTGTCACTGGAATGCCTACTGCCTCGGA,,,,,,,,,,
>Cbx7.1,TGCTGTTGACAGTGAGCGCACGAGGAGAAGGAGGAGAGAATAGTGAAGCCACAGATGTATTCTCTCCTCCTTCTCCTCGTATGCCTACTGCCTCGGA,,,,,,,,,,
>Cbx8.1,TGCTGTTGACAGTGAGCGCCAGATGTGACCTCAAACTTTATAGTGAAGCCACAGATGTATAAAGTTTGAGGTCACATCTGTTGCCTACTGCCTCGGA,,,,,,,,,,
>Cbx6.1,TGCTGTTGACAGTGAGCGATACCCAGATCCGCCACATGAATAGTGAAGCCACAGATGTATTCATGTGGCGGATCTGGGTACTGCCTACTGCCTCGGA,,,,,,,,,,
>Carm1.1,TGCTGTTGACAGTGAGCGCGCACAGGATAGAAATCCCATATAGTGAAGCCACAGATGTATATGGGATTTCTATCCTGTGCATGCCTACTGCCTCGGA,,,,,,,,,,
>Chd2.1,TGCTGTTGACAGTGAGCGATGACCTGATGAGCAGAAATAATAGTGAAGCCACAGATGTATTATTTCTGCTCATCAGGTCACTGCCTACTGCCTCGGA,,,,,,,,,,
>Chaf1b.1,TGCTGTTGACAGTGAGCGCCAGCTTTACTCCAGATGGATATAGTGAAGCCACAGATGTATATCCATCTGGAGTAAAGCTGATGCCTACTGCCTCGGA,,,,,,,,,,
>Cbx4.1,TGCTGTTGACAGTGAGCGCACAGCAAGAAGCACCATCAGTTAGTGAAGCCACAGATGTAACTGATGGTGCTTCTTGCTGTTTGCCTACTGCCTCGGA,,,,,,,,,,
>Brwd3.1,TGCTGTTGACAGTGAGCGAGGACACTTATCTTCTGTCTAATAGTGAAGCCACAGATGTATTAGACAGAAGATAAGTGTCCCTGCCTACTGCCTCGGA,,,,,,,,,,
>Chd1.1,TGCTGTTGACAGTGAGCGCACGACAAGAATCTCAGCAAAATAGTGAAGCCACAGATGTATTTTGCTGAGATTCTTGTCGTTTGCCTACTGCCTCGGA,,,,,,,,,,
>Chaf1b.2,TGCTGTTGACAGTGAGCGCGGAGATGATGCCGTCATTCTATAGTGAAGCCACAGATGTATAGAATGACGGCATCATCTCCTTGCCTACTGCCTCGGA,,,,,,,,,,
>Cbx1.1,TGCTGTTGACAGTGAGCGCGAAGAAGAAAGAAGAGTCAGATAGTGAAGCCACAGATGTATCTGACTCTTCTTTCTTCTTCTTGCCTACTGCCTCGGA,,,,,,,,,,
>Brwd1.2,TGCTGTTGACAGTGAGCGCCAGCAGGCACCTCATCTTATATAGTGAAGCCACAGATGTATATAAGATGAGGTGCCTGCTGTTGCCTACTGCCTCGGA,,,,,,,,,,
>Chd1.2,TGCTGTTGACAGTGAGCGAGACGAGGAGTTTGAGACAATATAGTGAAGCCACAGATGTATATTGTCTCAAACTCCTCGTCCTGCCTACTGCCTCGGA,,,,,,,,,,
>Chaf1a.1,TGCTGTTGACAGTGAGCGCGGATGACACAGACTGTATGAATAGTGAAGCCACAGATGTATTCATACAGTCTGTGTCATCCTTGCCTACTGCCTCGGA,,,,,,,,,,
>Cbx8.2,TGCTGTTGACAGTGAGCGATGACCTCAAACTTTTTGACCATAGTGAAGCCACAGATGTATGGTCAAAAAGTTTGAGGTCACTGCCTACTGCCTCGGA,,,,,,,,,,
>Carm1.2,TGCTGTTGACAGTGAGCGCCAGAGCTATGACATCAGTATATAGTGAAGCCACAGATGTATATACTGATGTCATAGCTCTGTTGCCTACTGCCTCGGA,,,,,,,,,,
>Chd1l.1,TGCTGTTGACAGTGAGCGCGCAGAGAACAGGTGGAAGATATAGTGAAGCCACAGATGTATATCTTCCACCTGTTCTCTGCATGCCTACTGCCTCGGA,,,,,,,,,,
>Cbx7.2,TGCTGTTGACAGTGAGCGACGGAAGGGCAAAGTTGAATAATAGTGAAGCCACAGATGTATTATTCAACTTTGCCCTTCCGCTGCCTACTGCCTCGGA,,,,,,,,,,
>Cbx5.1,TGCTGTTGACAGTGAGCGAAGAGAGCAAAGCAATGATATATAGTGAAGCCACAGATGTATATATCATTGCTTTGCTCTCTCTGCCTACTGCCTCGGA,,,,,,,,,,
>Brwd3.2,TGCTGTTGACAGTGAGCGACAGAACTACCTGTAAATTATATAGTGAAGCCACAGATGTATATAATTTACAGGTAGTTCTGGTGCCTACTGCCTCGGA,,,,,,,,,,
>Chd1l.2,TGCTGTTGACAGTGAGCGCCAGGTGGAAGATTTCGTTCAATAGTGAAGCCACAGATGTATTGAACGAAATCTTCCACCTGTTGCCTACTGCCTCGGA,,,,,,,,,,
>Cbx7.3,TGCTGTTGACAGTGAGCGCTCTGGTGAAGTGGAAAGGATATAGTGAAGCCACAGATGTATATCCTTTCCACTTCACCAGATTGCCTACTGCCTCGGA,,,,,,,,,,
>Cbx3.1,TGCTGTTGACAGTGAGCGCAAGAGTAAAAAAGTTGAAGAATAGTGAAGCCACAGATGTATTCTTCAACTTTTTTACTCTTTTGCCTACTGCCTCGGA,,,,,,,,,,
>Cbx1.2,TGCTGTTGACAGTGAGCGCGCAAAACAAGAAGAAAGTGGATAGTGAAGCCACAGATGTATCCACTTTCTTCTTGTTTTGCTTGCCTACTGCCTCGGA,,,,,,,,,,
>Chd1l.3,TGCTGTTGACAGTGAGCGAGGGCAAGATCTGTTGGCCTTATAGTGAAGCCACAGATGTATAAGGCCAACAGATCTTGCCCCTGCCTACTGCCTCGGA,,,,,,,,,,
>Chaf1a.2,TGCTGTTGACAGTGAGCGCCACTCGATTCTTCCAGAAACATAGTGAAGCCACAGATGTATGTTTCTGGAAGAATCGAGTGATGCCTACTGCCTCGGA,,,,,,,,,,
>Cbx4.2,TGCTGTTGACAGTGAGCGCCAAGAACAAGAACAAGAATGATAGTGAAGCCACAGATGTATCATTCTTGTTCTTGTTCTTGATGCCTACTGCCTCGGA,,,,,,,,,,
>Brwd1.3,TGCTGTTGACAGTGAGCGATGACCAGCTTCTGAAGTTTAATAGTGAAGCCACAGATGTATTAAACTTCAGAAGCTGGTCAGTGCCTACTGCCTCGGA,,,,,,,,,,
>Chd2.2,TGCTGTTGACAGTGAGCGCTGCACGAAAACTACATAAGTATAGTGAAGCCACAGATGTATACTTATGTAGTTTTCGTGCATTGCCTACTGCCTCGGA,,,,,,,,,,
>Cbx5.2,TGCTGTTGACAGTGAGCGAGGTGACTTAATGTTCTTAATATAGTGAAGCCACAGATGTATATTAAGAACATTAAGTCACCGTGCCTACTGCCTCGGA,,,,,,,,,,
>Cbx6.2,TGCTGTTGACAGTGAGCGCCCTGGTGAAATGGAAAGGGTATAGTGAAGCCACAGATGTATACCCTTTCCATTTCACCAGGTTGCCTACTGCCTCGGA,,,,,,,,,,
>Brwd1.4,TGCTGTTGACAGTGAGCGACAGGAACTATGTACCAGCATATAGTGAAGCCACAGATGTATATGCTGGTACATAGTTCCTGGTGCCTACTGCCTCGGA,,,,,,,,,,
>Chaf1b.3,TGCTGTTGACAGTGAGCGCCGACGACAGCATGAAGTCGTATAGTGAAGCCACAGATGTATACGACTTCATGCTGTCGTCGTTGCCTACTGCCTCGGA,,,,,,,,,,
>Cbx8.3,TGCTGTTGACAGTGAGCGAAGATGTGACCTCAAACTTTTATAGTGAAGCCACAGATGTATAAAAGTTTGAGGTCACATCTGTGCCTACTGCCTCGGA,,,,,,,,,,
>Cbx3.2,TGCTGTTGACAGTGAGCGAAGGTCTCGACCCTGAACGAAATAGTGAAGCCACAGATGTATTTCGTTCAGGGTCGAGACCTCTGCCTACTGCCTCGGA,,,,,,,,,,
>Brwd3.3,TGCTGTTGACAGTGAGCGATGAGAGGATTGGCCCTTTATATAGTGAAGCCACAGATGTATATAAAGGGCCAATCCTCTCACTGCCTACTGCCTCGGA,,,,,,,,,,
>Chd1.3,TGCTGTTGACAGTGAGCGCGAAGATGATTCTAATTTGTTATAGTGAAGCCACAGATGTATAACAAATTAGAATCATCTTCTTGCCTACTGCCTCGGA,,,,,,,,,,
>Chaf1a.3,TGCTGTTGACAGTGAGCGCTCAGACATCACTTGTCACATATAGTGAAGCCACAGATGTATATGTGACAAGTGATGTCTGAATGCCTACTGCCTCGGA,,,,,,,,,,
>Cbx4.3,TGCTGTTGACAGTGAGCGCTGAACCCATAGACTTGCGCTATAGTGAAGCCACAGATGTATAGCGCAAGTCTATGGGTTCATTGCCTACTGCCTCGGA,,,,,,,,,,
>Carm1.3,TGCTGTTGACAGTGAGCGACAGGAGCCAGGAAAATTTATATAGTGAAGCCACAGATGTATATAAATTTTCCTGGCTCCTGCTGCCTACTGCCTCGGA,,,,,,,,,,
>Chd2.3,TGCTGTTGACAGTGAGCGCCAGGAAGATCCAACTCAAACATAGTGAAGCCACAGATGTATGTTTGAGTTGGATCTTCCTGATGCCTACTGCCTCGGA,,,,,,,,,,
>Cbx8.4,TGCTGTTGACAGTGAGCGACCTTGGAGAGTACCTGAAAGATAGTGAAGCCACAGATGTATCTTTCAGGTACTCTCCAAGGCTGCCTACTGCCTCGGA,,,,,,,,,,
>Cbx3.3,TGCTGTTGACAGTGAGCGCCAGATTGTCATTGCCTTCTAATAGTGAAGCCACAGATGTATTAGAAGGCAATGACAATCTGATGCCTACTGCCTCGGA,,,,,,,,,,
>Cbx1.3,TGCTGTTGACAGTGAGCGCAGGAGAGGAAAGCAAACCAAATAGTGAAGCCACAGATGTATTTGGTTTGCTTTCCTCTCCTTTGCCTACTGCCTCGGA,,,,,,,,,,
>Chaf1b.4,TGCTGTTGACAGTGAGCGATGGAATTTCTCTCCAATCTTATAGTGAAGCCACAGATGTATAAGATTGGAGAGAAATTCCACTGCCTACTGCCTCGGA,,,,,,,,,,
>Cbx6.3,TGCTGTTGACAGTGAGCGACGAGAGCATGCTCCGTACCCATAGTGAAGCCACAGATGTATGGGTACGGAGCATGCTCTCGCTGCCTACTGCCTCGGA,,,,,,,,,,
>Cbx5.3,TGCTGTTGACAGTGAGCGCAGAGGACAGCCGACAGCTCTTTAGTGAAGCCACAGATGTAAAGAGCTGTCGGCTGTCCTCTTTGCCTACTGCCTCGGA,,,,,,,,,,
>Cbx1.4,TGCTGTTGACAGTGAGCGCGAGGATGATGACAAAAAAGAATAGTGAAGCCACAGATGTATTCTTTTTTGTCATCATCCTCTTGCCTACTGCCTCGGA,,,,,,,,,,
>Chd1.4,TGCTGTTGACAGTGAGCGCCAGAAGAAACAGGTGAATATATAGTGAAGCCACAGATGTATATATTCACCTGTTTCTTCTGTTGCCTACTGCCTCGGA,,,,,,,,,,
>Chaf1a.4,TGCTGTTGACAGTGAGCGAACCCTGAGAACCACAAAGTAATAGTGAAGCCACAGATGTATTACTTTGTGGTTCTCAGGGTCTGCCTACTGCCTCGGA,,,,,,,,,,
>Cbx5.4,TGCTGTTGACAGTGAGCGCAGAGAGAGCAAAGCAATGATATAGTGAAGCCACAGATGTATATCATTGCTTTGCTCTCTCTTTGCCTACTGCCTCGGA,,,,,,,,,,
>Chd2.4,TGCTGTTGACAGTGAGCGCCAGAAGAAGCAGGTGAATATATAGTGAAGCCACAGATGTATATATTCACCTGCTTCTTCTGATGCCTACTGCCTCGGA,,,,,,,,,,
>Cbx3.4,TGCTGTTGACAGTGAGCGCCCAGAATTAATTGAAGCATTTTAGTGAAGCCACAGATGTAAAATGCTTCAATTAATTCTGGATGCCTACTGCCTCGGA,,,,,,,,,,
>Carm1.4,TGCTGTTGACAGTGAGCGATGGCAAAGTAGAGGAGGTCTATAGTGAAGCCACAGATGTATAGACCTCCTCTACTTTGCCAGTGCCTACTGCCTCGGA,,,,,,,,,,
>Cbx7.4,TGCTGTTGACAGTGAGCGAGCTCCCCTCAAGTGAAGTTAATAGTGAAGCCACAGATGTATTAACTTCACTTGAGGGGAGCGTGCCTACTGCCTCGGA,,,,,,,,,,
>Cbx4.4,TGCTGTTGACAGTGAGCGAAGCAAGTACATGGAGAACGGATAGTGAAGCCACAGATGTATCCGTTCTCCATGTACTTGCTCTGCCTACTGCCTCGGA,,,,,,,,,,
>Cbx6.4,TGCTGTTGACAGTGAGCGCCCGCATCATCCTGAACCTGAATAGTGAAGCCACAGATGTATTCAGGTTCAGGATGATGCGGTTGCCTACTGCCTCGGA,,,,,,,,,,
>Chd3.1,TGCTGTTGACAGTGAGCGCTGGCTACAAGATAGATCATAATAGTGAAGCCACAGATGTATTATGATCTATCTTGTAGCCATTGCCTACTGCCTCGGA,,,,,,,,,,
>Cxxc1.1,TGCTGTTGACAGTGAGCGCACAACGAGAACGACAGTGATATAGTGAAGCCACAGATGTATATCACTGTCGTTCTCGTTGTTTGCCTACTGCCTCGGA,,,,,,,,,,
>Dmap1.1,TGCTGTTGACAGTGAGCGCGGACCTGAAAGAGAGGTACTATAGTGAAGCCACAGATGTATAGTACCTCTCTTTCAGGTCCTTGCCTACTGCCTCGGA,,,,,,,,,,
>Ctsl.1,TGCTGTTGACAGTGAGCGAGAGAAGAACATGAGAATGATATAGTGAAGCCACAGATGTATATCATTCTCATGTTCTTCTCCTGCCTACTGCCTCGGA,,,,,,,,,,
>Chd5.1,TGCTGTTGACAGTGAGCGAAAGCAGGAACTGGATGATATATAGTGAAGCCACAGATGTATATATCATCCAGTTCCTGCTTGTGCCTACTGCCTCGGA,,,,,,,,,,
>Dot1l.1,TGCTGTTGACAGTGAGCGCCCAGATGATGCTTTGTCTTTATAGTGAAGCCACAGATGTATAAAGACAAAGCATCATCTGGTTGCCTACTGCCTCGGA,,,,,,,,,,
>Dnmt3a.1,TGCTGTTGACAGTGAGCGCGAAACATCGAGGACATTTGTATAGTGAAGCCACAGATGTATACAAATGTCCTCGATGTTTCTTGCCTACTGCCTCGGA,,,,,,,,,,
>Chd9.1,TGCTGTTGACAGTGAGCGATGCTGACATCCTCTTTTTGAATAGTGAAGCCACAGATGTATTCAAAAAGAGGATGTCAGCACTGCCTACTGCCTCGGA,,,,,,,,,,
>Chd4.1,TGCTGTTGACAGTGAGCGCGAGGAGGATGACCATCACATATAGTGAAGCCACAGATGTATATGTGATGGTCATCCTCCTCTTGCCTACTGCCTCGGA,,,,,,,,,,
>Dnmt3b.1,TGCTGTTGACAGTGAGCGAGAAGGCTCTTCTTCGAGTTTATAGTGAAGCCACAGATGTATAAACTCGAAGAAGAGCCTTCCTGCCTACTGCCTCGGA,,,,,,,,,,
>Dnmt3a.2,TGCTGTTGACAGTGAGCGCCTCGCGATTTCTTGAGTCTAATAGTGAAGCCACAGATGTATTAGACTCAAGAAATCGCGAGATGCCTACTGCCTCGGA,,,,,,,,,,
>Chd6.1,TGCTGTTGACAGTGAGCGAACGGGTGAAGAGGTTAAGAAATAGTGAAGCCACAGATGTATTTCTTAACCTCTTCACCCGTGTGCCTACTGCCTCGGA,,,,,,,,,,
>Chd3.2,TGCTGTTGACAGTGAGCGAGAGGAGGATAGCAGTGTGATATAGTGAAGCCACAGATGTATATCACACTGCTATCCTCCTCCTGCCTACTGCCTCGGA,,,,,,,,,,
>Dnmt3b.2,TGCTGTTGACAGTGAGCGACTAGAGCTCTTCTACATGTAATAGTGAAGCCACAGATGTATTACATGTAGAAGAGCTCTAGGTGCCTACTGCCTCGGA,,,,,,,,,,
>Dnmt1.1,TGCTGTTGACAGTGAGCGCCAGAGCAGATTGAGAAGTATATAGTGAAGCCACAGATGTATATACTTCTCAATCTGCTCTGATGCCTACTGCCTCGGA,,,,,,,,,,
>Dmap1.2,TGCTGTTGACAGTGAGCGAAGCAGTTCAAGAAGCGTTCTATAGTGAAGCCACAGATGTATAGAACGCTTCTTGAACTGCTGTGCCTACTGCCTCGGA,,,,,,,,,,
>Chd5.2,TGCTGTTGACAGTGAGCGACAGCAGGGAGGCGAGATCATATAGTGAAGCCACAGATGTATATGATCTCGCCTCCCTGCTGGTGCCTACTGCCTCGGA,,,,,,,,,,
>Dnmt3l.1,TGCTGTTGACAGTGAGCGACAGAGTTACTGCACCATCTGATAGTGAAGCCACAGATGTATCAGATGGTGCAGTAACTCTGGTGCCTACTGCCTCGGA,,,,,,,,,,
>Cxxc1.2,TGCTGTTGACAGTGAGCGAGCACGGGAATCGTACAAGTAATAGTGAAGCCACAGATGTATTACTTGTACGATTCCCGTGCCTGCCTACTGCCTCGGA,,,,,,,,,,
>Crebbp.1,TGCTGTTGACAGTGAGCGACAGGAGGAATAACAACAGATATAGTGAAGCCACAGATGTATATCTGTTGTTATTCCTCCTGCTGCCTACTGCCTCGGA,,,,,,,,,,
>Chd4.2,TGCTGTTGACAGTGAGCGACAGGTGGCAAAGAAGAAGATATAGTGAAGCCACAGATGTATATCTTCTTCTTTGCCACCTGCTGCCTACTGCCTCGGA,,,,,,,,,,
>Dnmt3l.2,TGCTGTTGACAGTGAGCGCACGTGGAAGATGTCACAAATATAGTGAAGCCACAGATGTATATTTGTGACATCTTCCACGTATGCCTACTGCCTCGGA,,,,,,,,,,
>Cxxc1.3,TGCTGTTGACAGTGAGCGACGACTCTTCTGTGATGTCTAATAGTGAAGCCACAGATGTATTAGACATCACAGAAGAGTCGGTGCCTACTGCCTCGGA,,,,,,,,,,
>Chd8.1,TGCTGTTGACAGTGAGCGCGACGAGAAGGAAGAGAAGTTATAGTGAAGCCACAGATGTATAACTTCTCTTCCTTCTCGTCTTGCCTACTGCCTCGGA,,,,,,,,,,
>Chd6.2,TGCTGTTGACAGTGAGCGCAGACCAGATCCTGCAGAGAAATAGTGAAGCCACAGATGTATTTCTCTGCAGGATCTGGTCTATGCCTACTGCCTCGGA,,,,,,,,,,
>Dnmt3l.3,TGCTGTTGACAGTGAGCGCCACCAGAGTTACTGCACCATATAGTGAAGCCACAGATGTATATGGTGCAGTAACTCTGGTGTTGCCTACTGCCTCGGA,,,,,,,,,,
>Dnmt1.2,TGCTGTTGACAGTGAGCGCCAGAGCAGATTGAGAAGTATATAGTGAAGCCACAGATGTATATACTTCTCAATCTGCTCTGATGCCTACTGCCTCGGA,,,,,,,,,,
>Chd9.2,TGCTGTTGACAGTGAGCGCAGATAGCACCTGGGAATTAAATAGTGAAGCCACAGATGTATTTAATTCCCAGGTGCTATCTTTGCCTACTGCCTCGGA,,,,,,,,,,
>Chd3.3,TGCTGTTGACAGTGAGCGAGAGGAGGATGAGATGAACATATAGTGAAGCCACAGATGTATATGTTCATCTCATCCTCCTCCTGCCTACTGCCTCGGA,,,,,,,,,,
>Dot1l.2,TGCTGTTGACAGTGAGCGCCAGCCCATTCTACCAGCTACATAGTGAAGCCACAGATGTATGTAGCTGGTAGAATGGGCTGTTGCCTACTGCCTCGGA,,,,,,,,,,
>Crebbp.2,TGCTGTTGACAGTGAGCGCCCAAAGCACTCTTTGCTTTTATAGTGAAGCCACAGATGTATAAAAGCAAAGAGTGCTTTGGTTGCCTACTGCCTCGGA,,,,,,,,,,
>Ctsl.2,TGCTGTTGACAGTGAGCGAAAGGACGGATCTTGTAAATAATAGTGAAGCCACAGATGTATTATTTACAAGATCCGTCCTTCTGCCTACTGCCTCGGA,,,,,,,,,,
>Chd3.4,TGCTGTTGACAGTGAGCGCAAGATCCCGATGTCAAAGATATAGTGAAGCCACAGATGTATATCTTTGACATCGGGATCTTATGCCTACTGCCTCGGA,,,,,,,,,,
>Dnmt3a.3,TGCTGTTGACAGTGAGCGAAGCACCCACTCTTCATTGGAATAGTGAAGCCACAGATGTATTCCAATGAAGAGTGGGTGCTCTGCCTACTGCCTCGGA,,,,,,,,,,
>Dmap1.3,TGCTGTTGACAGTGAGCGCGCAGTTCAAGAAGCGTTCTGTTAGTGAAGCCACAGATGTAACAGAACGCTTCTTGAACTGCTTGCCTACTGCCTCGGA,,,,,,,,,,
>Chd8.2,TGCTGTTGACAGTGAGCGACAGAACATAGAGTGTTGGATATAGTGAAGCCACAGATGTATATCCAACACTCTATGTTCTGCTGCCTACTGCCTCGGA,,,,,,,,,,
>Chd4.3,TGCTGTTGACAGTGAGCGCTGCTGACACATTTAGTGGTAATAGTGAAGCCACAGATGTATTACCACTAAATGTGTCAGCATTGCCTACTGCCTCGGA,,,,,,,,,,
>Dnmt3b.3,TGCTGTTGACAGTGAGCGCGACAGCAGACATCTGAATGAATAGTGAAGCCACAGATGTATTCATTCAGATGTCTGCTGTCTTGCCTACTGCCTCGGA,,,,,,,,,,
>Dnmt1.3,TGCTGTTGACAGTGAGCGCACGAGGAGAACCACCAGGCAATAGTGAAGCCACAGATGTATTGCCTGGTGGTTCTCCTCGTATGCCTACTGCCTCGGA,,,,,,,,,,
>Chd9.3,TGCTGTTGACAGTGAGCGCCAGTCCAATGCTTTTGATGTATAGTGAAGCCACAGATGTATACATCAAAAGCATTGGACTGATGCCTACTGCCTCGGA,,,,,,,,,,
>Chd5.3,TGCTGTTGACAGTGAGCGCCGCAACTACCAAAGAAAGAAATAGTGAAGCCACAGATGTATTTCTTTCTTTGGTAGTTGCGATGCCTACTGCCTCGGA,,,,,,,,,,
>Dot1l.3,TGCTGTTGACAGTGAGCGAGCACCTCACAGCCCATTCTAATAGTGAAGCCACAGATGTATTAGAATGGGCTGTGAGGTGCCTGCCTACTGCCTCGGA,,,,,,,,,,
>Dmap1.4,TGCTGTTGACAGTGAGCGAACCATCAGCAAAAAGGATATATAGTGAAGCCACAGATGTATATATCCTTTTTGCTGATGGTCTGCCTACTGCCTCGGA,,,,,,,,,,
>Chd8.3,TGCTGTTGACAGTGAGCGAGATGAGGAGATCTCAGTCATATAGTGAAGCCACAGATGTATATGACTGAGATCTCCTCATCCTGCCTACTGCCTCGGA,,,,,,,,,,
>Chd6.3,TGCTGTTGACAGTGAGCGCACTGGTACAACAGAAAAAACATAGTGAAGCCACAGATGTATGTTTTTTCTGTTGTACCAGTTTGCCTACTGCCTCGGA,,,,,,,,,,
>Dnmt3a.4,TGCTGTTGACAGTGAGCGCACTGTAAGAACTGCTTCTTGATAGTGAAGCCACAGATGTATCAAGAAGCAGTTCTTACAGTTTGCCTACTGCCTCGGA,,,,,,,,,,
>Ctsl.3,TGCTGTTGACAGTGAGCGATCCACACACAGAAGACTGTAATAGTGAAGCCACAGATGTATTACAGTCTTCTGTGTGTGGACTGCCTACTGCCTCGGA,,,,,,,,,,
>Crebbp.3,TGCTGTTGACAGTGAGCGCAGGAGGTATTCTTTGTGATTATAGTGAAGCCACAGATGTATAATCACAAAGAATACCTCCTTTGCCTACTGCCTCGGA,,,,,,,,,,
>Chd6.4,TGCTGTTGACAGTGAGCGCGGAGGCAGAGGTACTGGAGTATAGTGAAGCCACAGATGTATACTCCAGTACCTCTGCCTCCATGCCTACTGCCTCGGA,,,,,,,,,,
>Dnmt3b.4,TGCTGTTGACAGTGAGCGAAGCAGACATCTGAATGAAGAATAGTGAAGCCACAGATGTATTCTTCATTCAGATGTCTGCTGTGCCTACTGCCTCGGA,,,,,,,,,,
>Dnmt1.4,TGCTGTTGACAGTGAGCGAGAGGCCTACAATTCAAAGACATAGTGAAGCCACAGATGTATGTCTTTGAATTGTAGGCCTCGTGCCTACTGCCTCGGA,,,,,,,,,,
>Crebbp.4,TGCTGTTGACAGTGAGCGAAAGAAGAGAACAGTTCGAACATAGTGAAGCCACAGATGTATGTTCGAACTGTTCTCTTCTTCTGCCTACTGCCTCGGA,,,,,,,,,,
>Chd4.4,TGCTGTTGACAGTGAGCGCGAGGAGGTAGAACGGGAAATATAGTGAAGCCACAGATGTATATTTCCCGTTCTACCTCCTCTTGCCTACTGCCTCGGA,,,,,,,,,,
>Dot1l.4,TGCTGTTGACAGTGAGCGACAGAGGGGCAAGGACAGTACATAGTGAAGCCACAGATGTATGTACTGTCCTTGCCCCTCTGGTGCCTACTGCCTCGGA,,,,,,,,,,
>Dnmt3l.4,TGCTGTTGACAGTGAGCGCGAGGAGAGACGTGGAGAAATATAGTGAAGCCACAGATGTATATTTCTCCACGTCTCTCCTCATGCCTACTGCCTCGGA,,,,,,,,,,
>Chd8.4,TGCTGTTGACAGTGAGCGCGAGGAGGACATAGATCAGATATAGTGAAGCCACAGATGTATATCTGATCTATGTCCTCCTCATGCCTACTGCCTCGGA,,,,,,,,,,
>Chd5.4,TGCTGTTGACAGTGAGCGAAAGATCCCCATGTCCAAAATATAGTGAAGCCACAGATGTATATTTTGGACATGGGGATCTTCTGCCTACTGCCTCGGA,,,,,,,,,,
>Cxxc1.4,TGCTGTTGACAGTGAGCGATCAGAGCAAGACATATTGTAATAGTGAAGCCACAGATGTATTACAATATGTCTTGCTCTGAGTGCCTACTGCCTCGGA,,,,,,,,,,
>Chd9.4,TGCTGTTGACAGTGAGCGACAATCTGAAGAAGAAGTGAAATAGTGAAGCCACAGATGTATTTCACTTCTTCTTCAGATTGCTGCCTACTGCCTCGGA,,,,,,,,,,
>Ctsl.4,TGCTGTTGACAGTGAGCGCGCTTAAGATCCCCAAGTCTGATAGTGAAGCCACAGATGTATCAGACTTGGGGATCTTAAGCATGCCTACTGCCTCGGA,,,,,,,,,,
>Dub2a.1,TGCTGTTGACAGTGAGCGACAGGAGTACAGTCAAACCTGATAGTGAAGCCACAGATGTATCAGGTTTGACTGTACTCCTGGTGCCTACTGCCTCGGA,,,,,,,,,,
>Epc1.1,TGCTGTTGACAGTGAGCGCGAGACGGGAGAAGAGTAAACATAGTGAAGCCACAGATGTATGTTTACTCTTCTCCCGTCTCTTGCCTACTGCCTCGGA,,,,,,,,,,
>Epc2.1,TGCTGTTGACAGTGAGCGATGCTGCTAAATGAAGATGATATAGTGAAGCCACAGATGTATATCATCTTCATTTAGCAGCAGTGCCTACTGCCTCGGA,,,,,,,,,,
>Ep400.1,TGCTGTTGACAGTGAGCGACAGGATTACTATCACAAAATATAGTGAAGCCACAGATGTATATTTTGTGATAGTAATCCTGGTGCCTACTGCCTCGGA,,,,,,,,,,
>Ehmt1.1,TGCTGTTGACAGTGAGCGCACGAGGAGAACATTTGTCTGATAGTGAAGCCACAGATGTATCAGACAAATGTTCTCCTCGTTTGCCTACTGCCTCGGA,,,,,,,,,,
>Fbxo44.1,TGCTGTTGACAGTGAGCGCATGGAAGGTAGAGGATCTCTATAGTGAAGCCACAGATGTATAGAGATCCTCTACCTTCCATTTGCCTACTGCCTCGGA,,,,,,,,,,
>Elp4.1,TGCTGTTGACAGTGAGCGCGGAACACTTCTTCTGATTGAATAGTGAAGCCACAGATGTATTCAATCAGAAGAAGTGTTCCATGCCTACTGCCTCGGA,,,,,,,,,,
>Eed.1,TGCTGTTGACAGTGAGCGCGCGACGAGAACAGCAACCCGATAGTGAAGCCACAGATGTATCGGGTTGCTGTTCTCGTCGCTTGCCTACTGCCTCGGA,,,,,,,,,,
>Ezh2.1,TGCTGTTGACAGTGAGCGCCGAACGAGAAATGGAAATCCATAGTGAAGCCACAGATGTATGGATTTCCATTTCTCGTTCGATGCCTACTGCCTCGGA,,,,,,,,,,
>Ezh1.2,TGCTGTTGACAGTGAGCGCCAATTCTACACAAGTGTATAATAGTGAAGCCACAGATGTATTATACACTTGTGTAGAATTGTTGCCTACTGCCTCGGA,,,,,,,,,,
>Ehmt2.1,TGCTGTTGACAGTGAGCGCGAGGATGATTCTTACCTCTTATAGTGAAGCCACAGATGTATAAGAGGTAAGAATCATCCTCTTGCCTACTGCCTCGGA,,,,,,,,,,
>Dub2a.2,TGCTGTTGACAGTGAGCGATCTGAGGACAGCTCACCCATATAGTGAAGCCACAGATGTATATGGGTGAGCTGTCCTCAGAGTGCCTACTGCCTCGGA,,,,,,,,,,
>Ezh2.2,TGCTGTTGACAGTGAGCGAGACCACAGTGTTACCAGCATATAGTGAAGCCACAGATGTATATGCTGGTAACACTGTGGTCCTGCCTACTGCCTCGGA,,,,,,,,,,
>Ercc5.1,TGCTGTTGACAGTGAGCGATCTGCAAACTCTTGTTTTTTATAGTGAAGCCACAGATGTATAAAAAACAAGAGTTTGCAGAGTGCCTACTGCCTCGGA,,,,,,,,,,
>Epc2.2,TGCTGTTGACAGTGAGCGCCGTCAGTGTTGTTTCTCCTGATAGTGAAGCCACAGATGTATCAGGAGAAACAACACTGACGTTGCCTACTGCCTCGGA,,,,,,,,,,
>Ehmt1.2,TGCTGTTGACAGTGAGCGAACAACGAGGAGAACATTTGTATAGTGAAGCCACAGATGTATACAAATGTTCTCCTCGTTGTCTGCCTACTGCCTCGGA,,,,,,,,,,
>Fbxl19.1,TGCTGTTGACAGTGAGCGAAAGACGAGAAGTTTAGTTTGATAGTGAAGCCACAGATGTATCAAACTAAACTTCTCGTCTTCTGCCTACTGCCTCGGA,,,,,,,,,,
>Epc1.2,TGCTGTTGACAGTGAGCGAAGTGGTGAACTCTCCAGTAGATAGTGAAGCCACAGATGTATCTACTGGAGAGTTCACCACTGTGCCTACTGCCTCGGA,,,,,,,,,,
>Eed.2,TGCTGTTGACAGTGAGCGCGCAGTGTATAAAGCACTATGATAGTGAAGCCACAGATGTATCATAGTGCTTTATACACTGCATGCCTACTGCCTCGGA,,,,,,,,,,
>Fbxl19.2,TGCTGTTGACAGTGAGCGCCCGCTGGATTGAAGATGTTAATAGTGAAGCCACAGATGTATTAACATCTTCAATCCAGCGGATGCCTACTGCCTCGGA,,,,,,,,,,
>Epc1.3,TGCTGTTGACAGTGAGCGCCAGGGTTTTGTTTCTAAGACATAGTGAAGCCACAGATGTATGTCTTAGAAACAAAACCCTGTTGCCTACTGCCTCGGA,,,,,,,,,,
>Elp3.1,TGCTGTTGACAGTGAGCGAGAAGTGCTCTGAGGAAACCTATAGTGAAGCCACAGATGTATAGGTTTCCTCAGAGCACTTCCTGCCTACTGCCTCGGA,,,,,,,,,,
>Ehmt2.2,TGCTGTTGACAGTGAGCGCGGACTACAAGTACATCTCTGATAGTGAAGCCACAGATGTATCAGAGATGTACTTGTAGTCCTTGCCTACTGCCTCGGA,,,,,,,,,,
>Fbxl19.3,TGCTGTTGACAGTGAGCGAAGAAACACTGGTGCACCTCAATAGTGAAGCCACAGATGTATTGAGGTGCACCAGTGTTTCTCTGCCTACTGCCTCGGA,,,,,,,,,,
>Ercc5.2,TGCTGTTGACAGTGAGCGAACGACAAGAACACATTCTGAATAGTGAAGCCACAGATGTATTCAGAATGTGTTCTTGTCGTCTGCCTACTGCCTCGGA,,,,,,,,,,
>Elp4.2,TGCTGTTGACAGTGAGCGACAGCACATCTTGTCCAGAATATAGTGAAGCCACAGATGTATATTCTGGACAAGATGTGCTGGTGCCTACTGCCTCGGA,,,,,,,,,,
>Dub2a.3,TGCTGTTGACAGTGAGCGCAACACGAGAATACCAAACTCATAGTGAAGCCACAGATGTATGAGTTTGGTATTCTCGTGTTTTGCCTACTGCCTCGGA,,,,,,,,,,
>Fbxo44.2,TGCTGTTGACAGTGAGCGCCACACACATTCTCCAACTATATAGTGAAGCCACAGATGTATATAGTTGGAGAATGTGTGTGATGCCTACTGCCTCGGA,,,,,,,,,,
>Ep300.2,TGCTGTTGACAGTGAGCGACAGCAACCAACAGGAATGACATAGTGAAGCCACAGATGTATGTCATTCCTGTTGGTTGCTGCTGCCTACTGCCTCGGA,,,,,,,,,,
>Ep400.2,TGCTGTTGACAGTGAGCGACTGGAAGAGATGCAGTGGATATAGTGAAGCCACAGATGTATATCCACTGCATCTCTTCCAGCTGCCTACTGCCTCGGA,,,,,,,,,,
>Dub2a.4,TGCTGTTGACAGTGAGCGAAAAGAGGTCAGTATTGACATATAGTGAAGCCACAGATGTATATGTCAATACTGACCTCTTTGTGCCTACTGCCTCGGA,,,,,,,,,,
>Ezh1.3,TGCTGTTGACAGTGAGCGCGAGTTCCAAGAAACAGTTTCATAGTGAAGCCACAGATGTATGAAACTGTTTCTTGGAACTCTTGCCTACTGCCTCGGA,,,,,,,,,,
>Epc2.3,TGCTGTTGACAGTGAGCGCCAGCAGCTAGTTCAAATGCAATAGTGAAGCCACAGATGTATTGCATTTGAACTAGCTGCTGTTGCCTACTGCCTCGGA,,,,,,,,,,
>Elp3.2,TGCTGTTGACAGTGAGCGCCCTCACTATCGAAAGATCTTATAGTGAAGCCACAGATGTATAAGATCTTTCGATAGTGAGGATGCCTACTGCCTCGGA,,,,,,,,,,
>Eed.3,TGCTGTTGACAGTGAGCGCTGAATGCAATTAAGGAGTCTTTAGTGAAGCCACAGATGTAAAGACTCCTTAATTGCATTCATTGCCTACTGCCTCGGA,,,,,,,,,,
>Ezh2.3,TGCTGTTGACAGTGAGCGAAAGAGGAAGACTTCCGAATAATAGTGAAGCCACAGATGTATTATTCGGAAGTCTTCCTCTTCTGCCTACTGCCTCGGA,,,,,,,,,,
>Ercc5.3,TGCTGTTGACAGTGAGCGACGACGACAAGAACACATTCTATAGTGAAGCCACAGATGTATAGAATGTGTTCTTGTCGTCGGTGCCTACTGCCTCGGA,,,,,,,,,,
>Elp4.3,TGCTGTTGACAGTGAGCGCTGGAACACTTCTTCTGATTGATAGTGAAGCCACAGATGTATCAATCAGAAGAAGTGTTCCAATGCCTACTGCCTCGGA,,,,,,,,,,
>Ehmt1.3,TGCTGTTGACAGTGAGCGATGGACGACAGCAGCTTTTACATAGTGAAGCCACAGATGTATGTAAAAGCTGCTGTCGTCCACTGCCTACTGCCTCGGA,,,,,,,,,,
>Fbxo44.3,TGCTGTTGACAGTGAGCGCCATCCTGCTGGAACTGTTCAATAGTGAAGCCACAGATGTATTGAACAGTTCCAGCAGGATGTTGCCTACTGCCTCGGA,,,,,,,,,,
>Epc2.4,TGCTGTTGACAGTGAGCGCCCTTAATGAAGTGAAAGTTAATAGTGAAGCCACAGATGTATTAACTTTCACTTCATTAAGGATGCCTACTGCCTCGGA,,,,,,,,,,
>Ehmt2.3,TGCTGTTGACAGTGAGCGATCTAGCTGAACAGTTGAGTGATAGTGAAGCCACAGATGTATCACTCAACTGTTCAGCTAGAGTGCCTACTGCCTCGGA,,,,,,,,,,
>Ezh1.4,TGCTGTTGACAGTGAGCGCAGAAAAGAAAACACAGGTTGTTAGTGAAGCCACAGATGTAACAACCTGTGTTTTCTTTTCTTTGCCTACTGCCTCGGA,,,,,,,,,,
>Ep400.3,TGCTGTTGACAGTGAGCGACAGCAGGCTCTCTGCAGTATATAGTGAAGCCACAGATGTATATACTGCAGAGAGCCTGCTGCTGCCTACTGCCTCGGA,,,,,,,,,,
>Ep300.3,TGCTGTTGACAGTGAGCGACAGGTACAAGCAAAGAATCAATAGTGAAGCCACAGATGTATTGATTCTTTGCTTGTACCTGGTGCCTACTGCCTCGGA,,,,,,,,,,
>Ehmt2.4,TGCTGTTGACAGTGAGCGCCAAGAGCAAGTATTTCACCTATAGTGAAGCCACAGATGTATAGGTGAAATACTTGCTCTTGATGCCTACTGCCTCGGA,,,,,,,,,,
>Ezh2.4,TGCTGTTGACAGTGAGCGCACTACGATAACTTTTGTGCCATAGTGAAGCCACAGATGTATGGCACAAAAGTTATCGTAGTATGCCTACTGCCTCGGA,,,,,,,,,,
>Ercc5.4,TGCTGTTGACAGTGAGCGCACGATGAGAAAGTGTCTGGCATAGTGAAGCCACAGATGTATGCCAGACACTTTCTCATCGTTTGCCTACTGCCTCGGA,,,,,,,,,,
>Eed.4,TGCTGTTGACAGTGAGCGAGAGGATGATATAGATAAAATATAGTGAAGCCACAGATGTATATTTTATCTATATCATCCTCCTGCCTACTGCCTCGGA,,,,,,,,,,
>Fbxo44.4,TGCTGTTGACAGTGAGCGCCACTCTGGAAGCGCAAGTGCATAGTGAAGCCACAGATGTATGCACTTGCGCTTCCAGAGTGTTGCCTACTGCCTCGGA,,,,,,,,,,
>Fbxl19.4,TGCTGTTGACAGTGAGCGCGCAACGAGATCGTCCACCCTATAGTGAAGCCACAGATGTATAGGGTGGACGATCTCGTTGCATGCCTACTGCCTCGGA,,,,,,,,,,
>Elp3.4,TGCTGTTGACAGTGAGCGAAGACCAGACCTGATTATTGCATAGTGAAGCCACAGATGTATGCAATAATCAGGTCTGGTCTCTGCCTACTGCCTCGGA,,,,,,,,,,
>Ehmt1.4,TGCTGTTGACAGTGAGCGACAGAGAACAACCACTTGGATATAGTGAAGCCACAGATGTATATCCAAGTGGTTGTTCTCTGCTGCCTACTGCCTCGGA,,,,,,,,,,
>Epc1.4,TGCTGTTGACAGTGAGCGCACGAGTCCTTCGACAGCAGGTTAGTGAAGCCACAGATGTAACCTGCTGTCGAAGGACTCGTATGCCTACTGCCTCGGA,,,,,,,,,,
>Elp4.4,TGCTGTTGACAGTGAGCGCCAGAAAAACATTTTAAGAATATAGTGAAGCCACAGATGTATATTCTTAAAATGTTTTTCTGTTGCCTACTGCCTCGGA,,,,,,,,,,
>Ep400.4,TGCTGTTGACAGTGAGCGCGACCACCACACAGAACTTACATAGTGAAGCCACAGATGTATGTAAGTTCTGTGTGGTGGTCTTGCCTACTGCCTCGGA,,,,,,,,,,
>Fbxw9.1,TGCTGTTGACAGTGAGCGAGAGATGGTTGCTTCCAGCTTATAGTGAAGCCACAGATGTATAAGCTGGAAGCAACCATCTCGTGCCTACTGCCTCGGA,,,,,,,,,,
>Hcfc1.1,TGCTGTTGACAGTGAGCGACAGACCAACATGACCACCACATAGTGAAGCCACAGATGTATGTGGTGGTCATGTTGGTCTGCTGCCTACTGCCTCGGA,,,,,,,,,,
>Hdac1.1,TGCTGTTGACAGTGAGCGACAGATAATATGTCTGAATACATAGTGAAGCCACAGATGTATGTATTCAGACATATTATCTGGTGCCTACTGCCTCGGA,,,,,,,,,,
>Hat1.1,TGCTGTTGACAGTGAGCGCGAAACTGCTAGCTTTATTGAATAGTGAAGCCACAGATGTATTCAATAAAGCTAGCAGTTTCATGCCTACTGCCTCGGA,,,,,,,,,,
>Gadd45a.1,TGCTGTTGACAGTGAGCGACAGATCCATTTCACCCTCATATAGTGAAGCCACAGATGTATATGAGGGTGAAATGGATCTGCTGCCTACTGCCTCGGA,,,,,,,,,,
>Hdac6.1,TGCTGTTGACAGTGAGCGCCTCGGGAGAGGTTCTAAATGATAGTGAAGCCACAGATGTATCATTTAGAACCTCTCCCGAGATGCCTACTGCCTCGGA,,,,,,,,,,
>Hdac2.1,TGCTGTTGACAGTGAGCGACAGATAATATGTCTGAGTACATAGTGAAGCCACAGATGTATGTACTCAGACATATTATCTGGTGCCTACTGCCTCGGA,,,,,,,,,,
>Gtf2f1.1,TGCTGTTGACAGTGAGCGCCCTAAAGGAGTTTCGGCCTGATAGTGAAGCCACAGATGTATCAGGCCGAAACTCCTTTAGGATGCCTACTGCCTCGGA,,,,,,,,,,
>Fkbp1a.1,TGCTGTTGACAGTGAGCGCGAAGATGGAAAGAAATTTGAATAGTGAAGCCACAGATGTATTCAAATTTCTTTCCATCTTCATGCCTACTGCCTCGGA,,,,,,,,,,
>Hdac3.1,TGCTGTTGACAGTGAGCGCGGACCAGATCCGCCAGACAAATAGTGAAGCCACAGATGTATTTGTCTGGCGGATCTGGTCCATGCCTACTGCCTCGGA,,,,,,,,,,
>Hdac2.2,TGCTGTTGACAGTGAGCGAAGACTTCAAACTGCATATTAATAGTGAAGCCACAGATGTATTAATATGCAGTTTGAAGTCTGTGCCTACTGCCTCGGA,,,,,,,,,,
>Gadd45b.1,TGCTGTTGACAGTGAGCGATGCGACAATGACATTGACATATAGTGAAGCCACAGATGTATATGTCAATGTCATTGTCGCAGTGCCTACTGCCTCGGA,,,,,,,,,,
>Fbxw9.2,TGCTGTTGACAGTGAGCGAAGGAGAACTTTGACTGGCCAATAGTGAAGCCACAGATGTATTGGCCAGTCAAAGTTCTCCTCTGCCTACTGCCTCGGA,,,,,,,,,,
>Hdac3.2,TGCTGTTGACAGTGAGCGACATCGAGAATCAGAACTCACATAGTGAAGCCACAGATGTATGTGAGTTCTGATTCTCGATGCTGCCTACTGCCTCGGA,,,,,,,,,,
>Hdac10.1,TGCTGTTGACAGTGAGCGCGCCGACTATTTGGCTGCCTTATAGTGAAGCCACAGATGTATAAGGCAGCCAAATAGTCGGCATGCCTACTGCCTCGGA,,,,,,,,,,
>Hdac1.2,TGCTGTTGACAGTGAGCGCAACGAGTACCTGGAGAAGATATAGTGAAGCCACAGATGTATATCTTCTCCAGGTACTCGTTATGCCTACTGCCTCGGA,,,,,,,,,,
>Gadd45a.2,TGCTGTTGACAGTGAGCGCGCTGCGAGAACGACATCAACATAGTGAAGCCACAGATGTATGTTGATGTCGTTCTCGCAGCATGCCTACTGCCTCGGA,,,,,,,,,,
>Hdac4.1,TGCTGTTGACAGTGAGCGATGCTGGCATCCCTGTGTCATATAGTGAAGCCACAGATGTATATGACACAGGGATGCCAGCAGTGCCTACTGCCTCGGA,,,,,,,,,,
>Hcfc1.2,TGCTGTTGACAGTGAGCGACAGAGACATATCATACTTACATAGTGAAGCCACAGATGTATGTAAGTATGATATGTCTCTGGTGCCTACTGCCTCGGA,,,,,,,,,,
>Gtf3c4.1,TGCTGTTGACAGTGAGCGCCAGCAGGTCAAGCACAACAAATAGTGAAGCCACAGATGTATTTGTTGTGCTTGACCTGCTGATGCCTACTGCCTCGGA,,,,,,,,,,
>Hdac4.2,TGCTGTTGACAGTGAGCGATAGACTGGGATGTACATCATATAGTGAAGCCACAGATGTATATGATGTACATCCCAGTCTACTGCCTACTGCCTCGGA,,,,,,,,,,
>Hcfc1.3,TGCTGTTGACAGTGAGCGCCCCTGTGAAACCCATGAAACATAGTGAAGCCACAGATGTATGTTTCATGGGTTTCACAGGGTTGCCTACTGCCTCGGA,,,,,,,,,,
>Gtf2b.1,TGCTGTTGACAGTGAGCGACAGGACATTTAAAGAAATATATAGTGAAGCCACAGATGTATATATTTCTTTAAATGTCCTGGTGCCTACTGCCTCGGA,,,,,,,,,,
>Gadd45b.2,TGCTGTTGACAGTGAGCGACAGATTCACTTCACCCTGATATAGTGAAGCCACAGATGTATATCAGGGTGAAGTGAATCTGCTGCCTACTGCCTCGGA,,,,,,,,,,
>Hdac4.3,TGCTGTTGACAGTGAGCGCGAAGCACAAGCAACAGTTCCATAGTGAAGCCACAGATGTATGGAACTGTTGCTTGTGCTTCTTGCCTACTGCCTCGGA,,,,,,,,,,
>Hdac10.2,TGCTGTTGACAGTGAGCGCAAGCAGTACAATGCTGTCTAATAGTGAAGCCACAGATGTATTAGACAGCATTGTACTGCTTATGCCTACTGCCTCGGA,,,,,,,,,,
>Gtf2f1.2,TGCTGTTGACAGTGAGCGCCAGCAGTGATGACTCAGACAATAGTGAAGCCACAGATGTATTGTCTGAGTCATCACTGCTGTTGCCTACTGCCTCGGA,,,,,,,,,,
>Fbxw9.3,TGCTGTTGACAGTGAGCGAGAGCCAGATCCCGACCCTGAATAGTGAAGCCACAGATGTATTCAGGGTCGGGATCTGGCTCGTGCCTACTGCCTCGGA,,,,,,,,,,
>Hdac6.2,TGCTGTTGACAGTGAGCGATCAGAACAAGCTGCTAAGGGATAGTGAAGCCACAGATGTATCCCTTAGCAGCTTGTTCTGAGTGCCTACTGCCTCGGA,,,,,,,,,,
>Gtf3c4.2,TGCTGTTGACAGTGAGCGACAGGTCTGAATGTTCACAATATAGTGAAGCCACAGATGTATATTGTGAACATTCAGACCTGCTGCCTACTGCCTCGGA,,,,,,,,,,
>Hat1.2,TGCTGTTGACAGTGAGCGACAGATCCACAAGGCTGACATATAGTGAAGCCACAGATGTATATGTCAGCCTTGTGGATCTGGTGCCTACTGCCTCGGA,,,,,,,,,,
>Fbxw9.4,TGCTGTTGACAGTGAGCGATGCTGGCAGATGACAGGCATATAGTGAAGCCACAGATGTATATGCCTGTCATCTGCCAGCACTGCCTACTGCCTCGGA,,,,,,,,,,
>Hdac2.3,TGCTGTTGACAGTGAGCGACCTATCATCTCAAAAGTGATATAGTGAAGCCACAGATGTATATCACTTTTGAGATGATAGGCTGCCTACTGCCTCGGA,,,,,,,,,,
>Hdac1.3,TGCTGTTGACAGTGAGCGCCGACGGGGATGTTGGAAACTATAGTGAAGCCACAGATGTATAGTTTCCAACATCCCCGTCGTTGCCTACTGCCTCGGA,,,,,,,,,,
>Gtf2b.2,TGCTGTTGACAGTGAGCGCCAGAAAGAAATCGGGGATATATAGTGAAGCCACAGATGTATATATCCCCGATTTCTTTCTGTTGCCTACTGCCTCGGA,,,,,,,,,,
>Fkbp1a.3,TGCTGTTGACAGTGAGCGAACATGCCACTCTTGTTTTTGATAGTGAAGCCACAGATGTATCAAAAACAAGAGTGGCATGTGTGCCTACTGCCTCGGA,,,,,,,,,,
>Hdac3.3,TGCTGTTGACAGTGAGCGACCTCTGGCTTCTGCTATGTCATAGTGAAGCCACAGATGTATGACATAGCAGAAGCCAGAGGCTGCCTACTGCCTCGGA,,,,,,,,,,
>Hdac10.3,TGCTGTTGACAGTGAGCGCCCAGTCCATGTTCCACTTCTATAGTGAAGCCACAGATGTATAGAAGTGGAACATGGACTGGATGCCTACTGCCTCGGA,,,,,,,,,,
>Gtf2f1.3,TGCTGTTGACAGTGAGCGCCCAGATGAGACAGAAGGCAAATAGTGAAGCCACAGATGTATTTGCCTTCTGTCTCATCTGGATGCCTACTGCCTCGGA,,,,,,,,,,
>Gadd45a.3,TGCTGTTGACAGTGAGCGCACGACATCAACATCCTGCGGATAGTGAAGCCACAGATGTATCCGCAGGATGTTGATGTCGTTTGCCTACTGCCTCGGA,,,,,,,,,,
>Hdac6.3,TGCTGTTGACAGTGAGCGACAGGAGGCAAGTTGATTCTGTTAGTGAAGCCACAGATGTAACAGAATCAACTTGCCTCCTGCTGCCTACTGCCTCGGA,,,,,,,,,,
>Hdac1.4,TGCTGTTGACAGTGAGCGCCGCAAGAACTCTTCTAACTTATAGTGAAGCCACAGATGTATAAGTTAGAAGAGTTCTTGCGATGCCTACTGCCTCGGA,,,,,,,,,,
>Gtf2b.3,TGCTGTTGACAGTGAGCGACTGAAGGGCAGAGCTAATGAATAGTGAAGCCACAGATGTATTCATTAGCTCTGCCCTTCAGGTGCCTACTGCCTCGGA,,,,,,,,,,
>Gadd45b.3,TGCTGTTGACAGTGAGCGCGATATCGCTCTGCAGATTCAATAGTGAAGCCACAGATGTATTGAATCTGCAGAGCGATATCATGCCTACTGCCTCGGA,,,,,,,,,,
>Hdac2.4,TGCTGTTGACAGTGAGCGATCTGAGTACAGTAAGCAGATATAGTGAAGCCACAGATGTATATCTGCTTACTGTACTCAGACTGCCTACTGCCTCGGA,,,,,,,,,,
>Hat1.3,TGCTGTTGACAGTGAGCGCTCCTACAGTTCTTGATATTAATAGTGAAGCCACAGATGTATTAATATCAAGAACTGTAGGAATGCCTACTGCCTCGGA,,,,,,,,,,
>Gtf3c4.3,TGCTGTTGACAGTGAGCGACAGAATGGAACAGTGTACACATAGTGAAGCCACAGATGTATGTGTACACTGTTCCATTCTGCTGCCTACTGCCTCGGA,,,,,,,,,,
>Gadd45b.4,TGCTGTTGACAGTGAGCGCCCTGGTCACGAACTGTCATACTAGTGAAGCCACAGATGTAGTATGACAGTTCGTGACCAGGATGCCTACTGCCTCGGA,,,,,,,,,,
>Hdac3.4,TGCTGTTGACAGTGAGCGACCAGACAATCTTTGAAAACTTTAGTGAAGCCACAGATGTAAAGTTTTCAAAGATTGTCTGGCTGCCTACTGCCTCGGA,,,,,,,,,,
>Hdac10.4,TGCTGTTGACAGTGAGCGCGCATGGAGAAACACCTCCCAATAGTGAAGCCACAGATGTATTGGGAGGTGTTTCTCCATGCATGCCTACTGCCTCGGA,,,,,,,,,,
>Gtf3c4.4,TGCTGTTGACAGTGAGCGACAGAATGGAACAGTGTACACATAGTGAAGCCACAGATGTATGTGTACACTGTTCCATTCTGCTGCCTACTGCCTCGGA,,,,,,,,,,
>Fkbp1a.4,TGCTGTTGACAGTGAGCGCCATGCCACTCTTGTTTTTGAATAGTGAAGCCACAGATGTATTCAAAAACAAGAGTGGCATGTTGCCTACTGCCTCGGA,,,,,,,,,,
>Hdac6.4,TGCTGTTGACAGTGAGCGAAGTCCTGTATCAGCTAAGGAATAGTGAAGCCACAGATGTATTCCTTAGCTGATACAGGACTGTGCCTACTGCCTCGGA,,,,,,,,,,
>Hdac4.4,TGCTGTTGACAGTGAGCGCCTTAGGAAAACAGCTTCTGAATAGTGAAGCCACAGATGTATTCAGAAGCTGTTTTCCTAAGATGCCTACTGCCTCGGA,,,,,,,,,,
>Gtf2b.4,TGCTGTTGACAGTGAGCGCCAGGAGCTGCAAGTTTTGATATAGTGAAGCCACAGATGTATATCAAAACTTGCAGCTCCTGTTGCCTACTGCCTCGGA,,,,,,,,,,
>Gadd45a.4,TGCTGTTGACAGTGAGCGCGGTGACGAACCCACATTCATCTAGTGAAGCCACAGATGTAGATGAATGTGGGTTCGTCACCATGCCTACTGCCTCGGA,,,,,,,,,,
>Hcfc1.4,TGCTGTTGACAGTGAGCGCACCACGCACACAGCCACCACATAGTGAAGCCACAGATGTATGTGGTGGCTGTGTGCGTGGTATGCCTACTGCCTCGGA,,,,,,,,,,
>Gtf2f1.4,TGCTGTTGACAGTGAGCGAAGCAGCCAGAATGTCACCGAATAGTGAAGCCACAGATGTATTCGGTGACATTCTGGCTGCTGTGCCTACTGCCTCGGA,,,,,,,,,,
>Hat1.4,TGCTGTTGACAGTGAGCGAGAGGACTACCGGCGTGTCATATAGTGAAGCCACAGATGTATATGACACGCCGGTAGTCCTCCTGCCTACTGCCTCGGA,,,,,,,,,,
>Hdac7.1,TGCTGTTGACAGTGAGCGCGCAGATCATTCTACAGCCATATAGTGAAGCCACAGATGTATATGGCTGTAGAATGATCTGCATGCCTACTGCCTCGGA,,,,,,,,,,
>Ing4.1,TGCTGTTGACAGTGAGCGATGCCCAGAAGAAGTTAAAACATAGTGAAGCCACAGATGTATGTTTTAACTTCTTCTGGGCAGTGCCTACTGCCTCGGA,,,,,,,,,,
>Ing5.1,TGCTGTTGACAGTGAGCGCCAGAGGAACTTCCAGCTGATATAGTGAAGCCACAGATGTATATCAGCTGGAAGTTCCTCTGATGCCTACTGCCTCGGA,,,,,,,,,,
>Ing3.1,TGCTGTTGACAGTGAGCGCACGAAGCATTTAAGAACAATATAGTGAAGCCACAGATGTATATTGTTCTTAAATGCTTCGTATGCCTACTGCCTCGGA,,,,,,,,,,
>Jmjd4.1,TGCTGTTGACAGTGAGCGCCAGCAGGCTGCATTTGATATATAGTGAAGCCACAGATGTATATATCAAATGCAGCCTGCTGTTGCCTACTGCCTCGGA,,,,,,,,,,
>Jarid2.1,TGCTGTTGACAGTGAGCGCCAGCAAGAAACATCATGAACATAGTGAAGCCACAGATGTATGTTCATGATGTTTCTTGCTGTTGCCTACTGCCTCGGA,,,,,,,,,,
>Hltf.1,TGCTGTTGACAGTGAGCGCAGAGAGGCAAGAAGAATCATATAGTGAAGCCACAGATGTATATGATTCTTCTTGCCTCTCTTTGCCTACTGCCTCGGA,,,,,,,,,,
>Hdac8.1,TGCTGTTGACAGTGAGCGCCAGAAGGGATATTTGACTATATAGTGAAGCCACAGATGTATATAGTCAAATATCCCTTCTGTTGCCTACTGCCTCGGA,,,,,,,,,,
>Jhdm1d.1,TGCTGTTGACAGTGAGCGCACACCAGATCTTTTCAAATTATAGTGAAGCCACAGATGTATAATTTGAAAAGATCTGGTGTTTGCCTACTGCCTCGGA,,,,,,,,,,
>Jarid2.2,TGCTGTTGACAGTGAGCGAGATGTTAGTTCTTCAGATTTATAGTGAAGCCACAGATGTATAAATCTGAAGAACTAACATCGTGCCTACTGCCTCGGA,,,,,,,,,,
>Hells.1,TGCTGTTGACAGTGAGCGCCCACTACGAGTCTTTGTGTAATAGTGAAGCCACAGATGTATTACACAAAGACTCGTAGTGGATGCCTACTGCCTCGGA,,,,,,,,,,
>Hdac7.2,TGCTGTTGACAGTGAGCGATGAACCCAACCTGAAGTTGCATAGTGAAGCCACAGATGTATGCAACTTCAGGTTGGGTTCAGTGCCTACTGCCTCGGA,,,,,,,,,,
>Jhdm1d.2,TGCTGTTGACAGTGAGCGCCAGGAGTAGACCGTCAGAATATAGTGAAGCCACAGATGTATATTCTGACGGTCTACTCCTGATGCCTACTGCCTCGGA,,,,,,,,,,
>Ino80.1,TGCTGTTGACAGTGAGCGAACGTGATGAAGAGTTTTCCTATAGTGAAGCCACAGATGTATAGGAAAACTCTTCATCACGTCTGCCTACTGCCTCGGA,,,,,,,,,,
>Ing5.2,TGCTGTTGACAGTGAGCGCCCCTGTGAACTTCAGAGGAAATAGTGAAGCCACAGATGTATTTCCTCTGAAGTTCACAGGGATGCCTACTGCCTCGGA,,,,,,,,,,
>Hdac9.2,TGCTGTTGACAGTGAGCGCGGATGGAAATCTTGTCACTTATAGTGAAGCCACAGATGTATAAGTGACAAGATTTCCATCCTTGCCTACTGCCTCGGA,,,,,,,,,,
>Ing4.2,TGCTGTTGACAGTGAGCGCCAGACAGATCCAGGAGGCCTATAGTGAAGCCACAGATGTATAGGCCTCCTGGATCTGTCTGATGCCTACTGCCTCGGA,,,,,,,,,,
>Ing2.1,TGCTGTTGACAGTGAGCGCGAAACGTTAAAGGAAATTGAATAGTGAAGCCACAGATGTATTCAATTTCCTTTAACGTTTCTTGCCTACTGCCTCGGA,,,,,,,,,,
>Hdac8.2,TGCTGTTGACAGTGAGCGAAAGAAGGTGATGAGGACCATATAGTGAAGCCACAGATGTATATGGTCCTCATCACCTTCTTGTGCCTACTGCCTCGGA,,,,,,,,,,
>Jmjd1c.2,TGCTGTTGACAGTGAGCGACAGAGTAACTACTTCACTACATAGTGAAGCCACAGATGTATGTAGTGAAGTAGTTACTCTGGTGCCTACTGCCTCGGA,,,,,,,,,,
>Ing4.3,TGCTGTTGACAGTGAGCGCCAGAGAAACTTTCAGCTCATATAGTGAAGCCACAGATGTATATGAGCTGAAAGTTTCTCTGTTGCCTACTGCCTCGGA,,,,,,,,,,
>Hira.1,TGCTGTTGACAGTGAGCGACAGCTAGAGACTAGCATCACATAGTGAAGCCACAGATGTATGTGATGCTAGTCTCTAGCTGCTGCCTACTGCCTCGGA,,,,,,,,,,
>Hells.2,TGCTGTTGACAGTGAGCGATCACAAGGTTCTGGTGTTTTATAGTGAAGCCACAGATGTATAAAACACCAGAACCTTGTGACTGCCTACTGCCTCGGA,,,,,,,,,,
>Jmjd1c.3,TGCTGTTGACAGTGAGCGACCAGAGCATGATCCAATCCGATAGTGAAGCCACAGATGTATCGGATTGGATCATGCTCTGGCTGCCTACTGCCTCGGA,,,,,,,,,,
>Ino80.2,TGCTGTTGACAGTGAGCGCCAGACAGAATTGTATGCTCAATAGTGAAGCCACAGATGTATTGAGCATACAATTCTGTCTGATGCCTACTGCCTCGGA,,,,,,,,,,
>Hltf.2,TGCTGTTGACAGTGAGCGCAGAGAGGCAAGAAGAATCATATAGTGAAGCCACAGATGTATATGATTCTTCTTGCCTCTCTTTGCCTACTGCCTCGGA,,,,,,,,,,
>Hdac7.3,TGCTGTTGACAGTGAGCGACGCTGGCATCCCTTTCTGTGATAGTGAAGCCACAGATGTATCACAGAAAGGGATGCCAGCGCTGCCTACTGCCTCGGA,,,,,,,,,,
>Jmjd4.2,TGCTGTTGACAGTGAGCGAGATGACTATCGTTTTGTCTAATAGTGAAGCCACAGATGTATTAGACAAAACGATAGTCATCCTGCCTACTGCCTCGGA,,,,,,,,,,
>Ing2.2,TGCTGTTGACAGTGAGCGACTGTGACAATGAACAGTGTCATAGTGAAGCCACAGATGTATGACACTGTTCATTGTCACAGCTGCCTACTGCCTCGGA,,,,,,,,,,
>Ing3.2,TGCTGTTGACAGTGAGCGCCCACGCTCATTCACATACTCATAGTGAAGCCACAGATGTATGAGTATGTGAATGAGCGTGGTTGCCTACTGCCTCGGA,,,,,,,,,,
>Hdac7.4,TGCTGTTGACAGTGAGCGCTGAGAGAACAGTCCATCCCAATAGTGAAGCCACAGATGTATTGGGATGGACTGTTCTCTCAATGCCTACTGCCTCGGA,,,,,,,,,,
>Jarid2.3,TGCTGTTGACAGTGAGCGAGCATCGAGAACTGTCTCAACATAGTGAAGCCACAGATGTATGTTGAGACAGTTCTCGATGCCTGCCTACTGCCTCGGA,,,,,,,,,,
>Ing5.3,TGCTGTTGACAGTGAGCGAAAGGAGTACAGTGATGACAAATAGTGAAGCCACAGATGTATTTGTCATCACTGTACTCCTTGTGCCTACTGCCTCGGA,,,,,,,,,,
>Hira.2,TGCTGTTGACAGTGAGCGAATGACGAGAAGGATGAAAATATAGTGAAGCCACAGATGTATATTTTCATCCTTCTCGTCATCTGCCTACTGCCTCGGA,,,,,,,,,,
>Hdac8.3,TGCTGTTGACAGTGAGCGAAAAGATGAAGCATCTGGTTTATAGTGAAGCCACAGATGTATAAACCAGATGCTTCATCTTTCTGCCTACTGCCTCGGA,,,,,,,,,,
>Jhdm1d.3,TGCTGTTGACAGTGAGCGATCGACGAGCACAGAGGAAGAATAGTGAAGCCACAGATGTATTCTTCCTCTGTGCTCGTCGAGTGCCTACTGCCTCGGA,,,,,,,,,,
>Ino80.3,TGCTGTTGACAGTGAGCGCGGGGACCTTTCTTAATAATTATAGTGAAGCCACAGATGTATAATTATTAAGAAAGGTCCCCATGCCTACTGCCTCGGA,,,,,,,,,,
>Hltf.3,TGCTGTTGACAGTGAGCGCCAGTTAAATACTAAAAGTAGATAGTGAAGCCACAGATGTATCTACTTTTAGTATTTAACTGTTGCCTACTGCCTCGGA,,,,,,,,,,
>Hdac9.3,TGCTGTTGACAGTGAGCGAAGGACGAGAAAGGGCAGTGGATAGTGAAGCCACAGATGTATCCACTGCCCTTTCTCGTCCTCTGCCTACTGCCTCGGA,,,,,,,,,,
>Jmjd4.3,TGCTGTTGACAGTGAGCGACAGGTCATCATGAAGTCCTGATAGTGAAGCCACAGATGTATCAGGACTTCATGATGACCTGGTGCCTACTGCCTCGGA,,,,,,,,,,
>Ing5.4,TGCTGTTGACAGTGAGCGCCCAGAAGATCCAGAGCGCCTATAGTGAAGCCACAGATGTATAGGCGCTCTGGATCTTCTGGATGCCTACTGCCTCGGA,,,,,,,,,,
>Hira.3,TGCTGTTGACAGTGAGCGCGACTAGCATCACCAAGCCTTATAGTGAAGCCACAGATGTATAAGGCTTGGTGATGCTAGTCTTGCCTACTGCCTCGGA,,,,,,,,,,
>Hells.3,TGCTGTTGACAGTGAGCGCGAGAACAGAATGTTTTACATATAGTGAAGCCACAGATGTATATGTAAAACATTCTGTTCTCTTGCCTACTGCCTCGGA,,,,,,,,,,
>Jarid2.4,TGCTGTTGACAGTGAGCGCCAGTTTGGTCAACCAGATATATAGTGAAGCCACAGATGTATATATCTGGTTGACCAAACTGATGCCTACTGCCTCGGA,,,,,,,,,,
>Ing3.3,TGCTGTTGACAGTGAGCGCCCATCAAAAAAGACTACTATATAGTGAAGCCACAGATGTATATAGTAGTCTTTTTTGATGGATGCCTACTGCCTCGGA,,,,,,,,,,
>Ing2.3,TGCTGTTGACAGTGAGCGCCCAGTCAACCGGAAAGATCTATAGTGAAGCCACAGATGTATAGATCTTTCCGGTTGACTGGATGCCTACTGCCTCGGA,,,,,,,,,,
>Hells.4,TGCTGTTGACAGTGAGCGCGAGAACAGAATGTTTTACATATAGTGAAGCCACAGATGTATATGTAAAACATTCTGTTCTCTTGCCTACTGCCTCGGA,,,,,,,,,,
>Jhdm1d.4,TGCTGTTGACAGTGAGCGCCCATGCCAAGACTGAAGATCATAGTGAAGCCACAGATGTATGATCTTCAGTCTTGGCATGGTTGCCTACTGCCTCGGA,,,,,,,,,,
>Ino80.4,TGCTGTTGACAGTGAGCGACCTAGCCTCAGACTCCTTGAATAGTGAAGCCACAGATGTATTCAAGGAGTCTGAGGCTAGGCTGCCTACTGCCTCGGA,,,,,,,,,,
>Ing2.4,TGCTGTTGACAGTGAGCGAGAGACAAATGGAGCTGCATTATAGTGAAGCCACAGATGTATAATGCAGCTCCATTTGTCTCGTGCCTACTGCCTCGGA,,,,,,,,,,
>Hdac8.4,TGCTGTTGACAGTGAGCGCTACATCGAAGGTTATGACTGATAGTGAAGCCACAGATGTATCAGTCATAACCTTCGATGTAATGCCTACTGCCTCGGA,,,,,,,,,,
>Jmjd4.4,TGCTGTTGACAGTGAGCGAGACTGGCATCTGTGCAGAGAATAGTGAAGCCACAGATGTATTCTCTGCACAGATGCCAGTCCTGCCTACTGCCTCGGA,,,,,,,,,,
>Jmjd1c.4,TGCTGTTGACAGTGAGCGCCCACCTTCTAGTACAAAAGTATAGTGAAGCCACAGATGTATACTTTTGTACTAGAAGGTGGATGCCTACTGCCTCGGA,,,,,,,,,,
>Hira.4,TGCTGTTGACAGTGAGCGAGATAACACTGTTGTCATTTGATAGTGAAGCCACAGATGTATCAAATGACAACAGTGTTATCCTGCCTACTGCCTCGGA,,,,,,,,,,
>Ing4.4,TGCTGTTGACAGTGAGCGACCCTCTGATGTGTTGGATATATAGTGAAGCCACAGATGTATATATCCAACACATCAGAGGGGTGCCTACTGCCTCGGA,,,,,,,,,,
>Hltf.4,TGCTGTTGACAGTGAGCGCGAAGATGATAGAACTGTTGAATAGTGAAGCCACAGATGTATTCAACAGTTCTATCATCTTCTTGCCTACTGCCTCGGA,,,,,,,,,,
>Ing3.4,TGCTGTTGACAGTGAGCGCAGAGAGGCGATCTTTGGAATATAGTGAAGCCACAGATGTATATTCCAAAGATCGCCTCTCTATGCCTACTGCCTCGGA,,,,,,,,,,
>Bcl6 ,TGCTGTTGACAGTGAGCGCGGCAAGTCCCTAATGAGTATATAGTGAAGCCACAGATGTATATACTCATTAGGGACTTGCCTTGCCTACTGCCTCGGA,,,,,,,,,,
>Bcl6.2,TGCTGTTGACAGTGAGCGCGCTGTCAAAGAGAAGGCTTTATAGTGAAGCCACAGATGTATAAAGCCTTCTCTTTGACAGCATGCCTACTGCCTCGGA,,,,,,,,,,
>Bcl6.3,TGCTGTTGACAGTGAGCGACGGCCTGTTCTACAGTATCTTTAGTGAAGCCACAGATGTAAAGATACTGTAGAACAGGCCGCTGCCTACTGCCTCGGA,,,,,,,,,,
>Ccnt1,TGCTGTTGACAGTGAGCGCCGACAGCCATTCTTCAGTTATTAGTGAAGCCACAGATGTAATAACTGAAGAATGGCTGTCGTTGCCTACTGCCTCGGA,,,,,,,,,,
>Ccnt1.2,TGCTGTTGACAGTGAGCGCCGATCAATACTGCTATAGTATTAGTGAAGCCACAGATGTAATACTATAGCAGTATTGATCGTTGCCTACTGCCTCGGA,,,,,,,,,,
>Ccnt1.3,TGCTGTTGACAGTGAGCGCCCTTGGAACTGTTAGATGAATTAGTGAAGCCACAGATGTAATTCATCTAACAGTTCCAAGGTTGCCTACTGCCTCGGA,,,,,,,,,,
>Ccnt1.4,TGCTGTTGACAGTGAGCGCGGAGATAAAGATGCGCATTAATAGTGAAGCCACAGATGTATTAATGCGCATCTTTATCTCCTTGCCTACTGCCTCGGA,,,,,,,,,,
>Cd14,TGCTGTTGACAGTGAGCGAGCCTCTTTGTTTAAGGAACATTAGTGAAGCCACAGATGTAATGTTCCTTAAACAAAGAGGCGTGCCTACTGCCTCGGA,,,,,,,,,,
>Cd14.2,TGCTGTTGACAGTGAGCGCGGACTCAAGGTACTGAGTATTTAGTGAAGCCACAGATGTAAATACTCAGTACCTTGAGTCCATGCCTACTGCCTCGGA,,,,,,,,,,
>Cd19,TGCTGTTGACAGTGAGCGAATGGATAAGTCTGACGACCTATAGTGAAGCCACAGATGTATAGGTCGTCAGACTTATCCATGTGCCTACTGCCTCGGA,,,,,,,,,,
>Cd19.3,TGCTGTTGACAGTGAGCGAAAGATGCAGACTCTTATGAAATAGTGAAGCCACAGATGTATTTCATAAGAGTCTGCATCTTCTGCCTACTGCCTCGGA,,,,,,,,,,
>Cd19.4,TGCTGTTGACAGTGAGCGCCCCAGTGGTGACTTTAGTATATAGTGAAGCCACAGATGTATATACTAAAGTCACCACTGGGATGCCTACTGCCTCGGA,,,,,,,,,,
>CDK9.1,TGCTGTTGACAGTGAGCGCCAAGATTCTACAGCTCCTAAATAGTGAAGCCACAGATGTATTTAGGAGCTGTAGAATCTTGATGCCTACTGCCTCGGA,,,,,,,,,,
>CDK9.2,TGCTGTTGACAGTGAGCGAGAAGGTGAAGGACCGTCTGAATAGTGAAGCCACAGATGTATTCAGACGGTCCTTCACCTTCCTGCCTACTGCCTCGGA,,,,,,,,,,
>CDK9.3,TGCTGTTGACAGTGAGCGATGAACCTAATTGAGATTTGTATAGTGAAGCCACAGATGTATACAAATCTCAATTAGGTTCACTGCCTACTGCCTCGGA,,,,,,,,,,
>CD4.1,TGCTGTTGACAGTGAGCGAGCATGGGAGAAAGGATCGTTTTAGTGAAGCCACAGATGTAAAACGATCCTTTCTCCCATGCCTGCCTACTGCCTCGGA,,,,,,,,,,
>CD4.2,TGCTGTTGACAGTGAGCGACGGATGCAGAAGAGCCATAATTAGTGAAGCCACAGATGTAATTATGGCTCTTCTGCATCCGGTGCCTACTGCCTCGGA,,,,,,,,,,
>CD4.3,TGCTGTTGACAGTGAGCGACCACTCAACTTTGCAGAGGAATAGTGAAGCCACAGATGTATTCCTCTGCAAAGTTGAGTGGGTGCCTACTGCCTCGGA,,,,,,,,,,
>CD4.4,TGCTGTTGACAGTGAGCGCCCTCTCATCATCAATAAACTTTAGTGAAGCCACAGATGTAAAGTTTATTGATGATGAGAGGATGCCTACTGCCTCGGA,,,,,,,,,,
>Cd4.5,TGCTGTTGACAGTGAGCGACACAGCTATCACGGCCTATAATAGTGAAGCCACAGATGTATTATAGGCCGTGATAGCTGTGCTGCCTACTGCCTCGGA,,,,,,,,,,
>Fosb,TGCTGTTGACAGTGAGCGCTGCCAGGAACCAGCTACTCAATAGTGAAGCCACAGATGTATTGAGTAGCTGGTTCCTGGCATTGCCTACTGCCTCGGA,,,,,,,,,,
>Fosb.2,TGCTGTTGACAGTGAGCGACTGCAAGATCCCCTACGAAGATAGTGAAGCCACAGATGTATCTTCGTAGGGGATCTTGCAGCTGCCTACTGCCTCGGA,,,,,,,,,,
>Hes1,TGCTGTTGACAGTGAGCGCCCGATCACTAAGTAGCCCTAATAGTGAAGCCACAGATGTATTAGGGCTACTTAGTGATCGGTTGCCTACTGCCTCGGA,,,,,,,,,,
>Hes1.2,TGCTGTTGACAGTGAGCGCGGATTGCGCCTTTGTATTATATAGTGAAGCCACAGATGTATATAATACAAAGGCGCAATCCATGCCTACTGCCTCGGA,,,,,,,,,,
>Hes1.3,TGCTGTTGACAGTGAGCGACGAAGGGCAAGAATAAATGAATAGTGAAGCCACAGATGTATTCATTTATTCTTGCCCTTCGCTGCCTACTGCCTCGGA,,,,,,,,,,
>Hes6,TGCTGTTGACAGTGAGCGCCGATGCTCCAACCGAATTAAATAGTGAAGCCACAGATGTATTTAATTCGGTTGGAGCATCGATGCCTACTGCCTCGGA,,,,,,,,,,
>Hes6.3,TGCTGTTGACAGTGAGCGAAACAGATGACTTGAATGACAATAGTGAAGCCACAGATGTATTGTCATTCAAGTCATCTGTTGTGCCTACTGCCTCGGA,,,,,,,,,,
>Id2,TGCTGTTGACAGTGAGCGCGCAAAGTACTCTGTGGCTAAATAGTGAAGCCACAGATGTATTTAGCCACAGAGTACTTTGCTTGCCTACTGCCTCGGA,,,,,,,,,,
>Id2.2,TGCTGTTGACAGTGAGCGCGCAGCACGTCATCGATTACATTAGTGAAGCCACAGATGTAATGTAATCGATGACGTGCTGCATGCCTACTGCCTCGGA,,,,,,,,,,
>Id2.3,TGCTGTTGACAGTGAGCGCCTGAGCTTATGTCGAATGATATAGTGAAGCCACAGATGTATATCATTCGACATAAGCTCAGATGCCTACTGCCTCGGA,,,,,,,,,,
>Id2.4,TGCTGTTGACAGTGAGCGCATGTCGAATGATAGCAAAGTATAGTGAAGCCACAGATGTATACTTTGCTATCATTCGACATATGCCTACTGCCTCGGA,,,,,,,,,,
>Id2.5,TGCTGTTGACAGTGAGCGCCCGGTGAGGTCCGTTAGGAAATAGTGAAGCCACAGATGTATTTCCTAACGGACCTCACCGGATGCCTACTGCCTCGGA,,,,,,,,,,
>Id3,TGCTGTTGACAGTGAGCGCGCCCTGATTATGAACTCTATATAGTGAAGCCACAGATGTATATAGAGTTCATAATCAGGGCATGCCTACTGCCTCGGA,,,,,,,,,,
>Id3.2,TGCTGTTGACAGTGAGCGCGCCCTCTTCACTTACCCTGAATAGTGAAGCCACAGATGTATTCAGGGTAAGTGAAGAGGGCTTGCCTACTGCCTCGGA,,,,,,,,,,
>Id3.3,TGCTGTTGACAGTGAGCGACCTGATTATGAACTCTATAATTAGTGAAGCCACAGATGTAATTATAGAGTTCATAATCAGGGTGCCTACTGCCTCGGA,,,,,,,,,,
>Id3.4,TGCTGTTGACAGTGAGCGAACGACATGAACCACTGCTACATAGTGAAGCCACAGATGTATGTAGCAGTGGTTCATGTCGTCTGCCTACTGCCTCGGA,,,,,,,,,,
>Id3.5,TGCTGTTGACAGTGAGCGCGGACGACATGAACCACTGCTATAGTGAAGCCACAGATGTATAGCAGTGGTTCATGTCGTCCATGCCTACTGCCTCGGA,,,,,,,,,,
>Klf12,TGCTGTTGACAGTGAGCGAGCCCAAGAACTGAGACTTATTTAGTGAAGCCACAGATGTAAATAAGTCTCAGTTCTTGGGCCTGCCTACTGCCTCGGA,,,,,,,,,,
>Klf12.4,TGCTGTTGACAGTGAGCGCACCGAGCTTGTGGAATCTGAATAGTGAAGCCACAGATGTATTCAGATTCCACAAGCTCGGTTTGCCTACTGCCTCGGA,,,,,,,,,,
>Klf12.5,TGCTGTTGACAGTGAGCGATCCCATGAACTTACAGTCTAATAGTGAAGCCACAGATGTATTAGACTGTAAGTTCATGGGACTGCCTACTGCCTCGGA,,,,,,,,,,
>Klf2,TGCTGTTGACAGTGAGCGACCTTGCAAACAGACTGCTATTTAGTGAAGCCACAGATGTAAATAGCAGTCTGTTTGCAAGGGTGCCTACTGCCTCGGA,,,,,,,,,,
>Klf2.2,TGCTGTTGACAGTGAGCGCCACCAAGAGCTCGCACCTAAATAGTGAAGCCACAGATGTATTTAGGTGCGAGCTCTTGGTGTTGCCTACTGCCTCGGA,,,,,,,,,,
>Klf2.3,TGCTGTTGACAGTGAGCGACGGCACGGATGAGGACCTAAATAGTGAAGCCACAGATGTATTTAGGTCCTCATCCGTGCCGCTGCCTACTGCCTCGGA,,,,,,,,,,
>Klf2.4,TGCTGTTGACAGTGAGCGAAAGACAGGAGTCTGTGAAGAATAGTGAAGCCACAGATGTATTCTTCACAGACTCCTGTCTTCTGCCTACTGCCTCGGA,,,,,,,,,,
>Klf2.5,TGCTGTTGACAGTGAGCGCATGACCGATTGTATTTCTATATAGTGAAGCCACAGATGTATATAGAAATACAATCGGTCATATGCCTACTGCCTCGGA,,,,,,,,,,
>Klf2.6,TGCTGTTGACAGTGAGCGCCAGGTGAGAAGCCTTATCATATAGTGAAGCCACAGATGTATATGATAAGGCTTCTCACCTGTTGCCTACTGCCTCGGA,,,,,,,,,,
>Klf2.7,TGCTGTTGACAGTGAGCGACCACACATACTTGCAGCTACATAGTGAAGCCACAGATGTATGTAGCTGCAAGTATGTGTGGCTGCCTACTGCCTCGGA,,,,,,,,,,
>Ms4a1,TGCTGTTGACAGTGAGCGCGGATTTGACACCATATGAATATAGTGAAGCCACAGATGTATATTCATATGGTGTCAAATCCATGCCTACTGCCTCGGA,,,,,,,,,,
>Ms4a1.2,TGCTGTTGACAGTGAGCGCGCAAGCCAAGATATTCAATAATAGTGAAGCCACAGATGTATTATTGAATATCTTGGCTTGCTTGCCTACTGCCTCGGA,,,,,,,,,,
>Nfatc3.2,TGCTGTTGACAGTGAGCGCGGTGATATTTCTGAATCTAAATAGTGAAGCCACAGATGTATTTAGATTCAGAAATATCACCATGCCTACTGCCTCGGA,,,,,,,,,,
>Nfatc3.3,TGCTGTTGACAGTGAGCGACACGACGAGCTCGACTTCAAATAGTGAAGCCACAGATGTATTTGAAGTCGAGCTCGTCGTGGTGCCTACTGCCTCGGA,,,,,,,,,,
>Nfatc3.7,TGCTGTTGACAGTGAGCGAGCCCAGATCACAGGTCAGCCTTATAGTGAAGCCACAGATGTATAAGGCTGACCTGTGATCTGTGCCTACTGCCTCGGA,,,,,,,,,,
>Nfatc3.8,TGCTGTTGACAGTGAGCGACCCAGGACATCTCTTAGCACATATAGTGAAGCCACAGATGTATATGTGCTAAGAGATGTCCTTGCCTACTGCCTCGGA,,,,,,,,,,
>Runx3,TGCTGTTGACAGTGAGCGCGCCCGAGACTACAAGAAGAAATAGTGAAGCCACAGATGTATTTCTTCTTGTAGTCTCGGGCTTGCCTACTGCCTCGGA,,,,,,,,,,
>Runx3.2,TGCTGTTGACAGTGAGCGACAGGTTCAACGACCTTCGATTTAGTGAAGCCACAGATGTAAATCGAAGGTCGTTGAACCTGGTGCCTACTGCCTCGGA,,,,,,,,,,
>Runx3.3,TGCTGTTGACAGTGAGCGAGACAACAGCATCTTTGACTCCTATAGTGAAGCCACAGATGTATAGGAGTCAAAGATGCTGTTTGCCTACTGCCTCGGA,,,,,,,,,,
>Tbx21,TGCTGTTGACAGTGAGCGACCAGGAAGTTTCATTTGGGAATAGTGAAGCCACAGATGTATTCCCAAATGAAACTTCCTGGCTGCCTACTGCCTCGGA,,,,,,,,,,
>Tbx21.3,TGCTGTTGACAGTGAGCGAGCAGACAGAGATGATCATCACATAGTGAAGCCACAGATGTATGTGATGATCATCTCTGTCTGTGCCTTGCCTCGGA,,,,,,,,,,
>Tbx21.4,TGCTGTTGACAGTGAGCGAGCACACACGTCTTTACTTTCCATAGTGAAGCCACAGATGTATGGAAAGTAAAGACGTGTGTGCCTACTGCCTCGGA,,,,,,,,,,
>Sgk1.1,TGCTGTTGACAGTGAGCGCCGGCTGAGATGTACGACAATATAGTGAAGCCACAGATGTATATTGTCGTACATCTCAGCCGTTGCCTACTGCCTCGGA,,,,,,,,,,
,,,,,,,,,,,
,,,,,,,,,,,
,,,,,,,,,,,
,,,,,,,,,,,
,,,,,,,,,,,
,,,,,,,,,,,
,,,,,,,,,,,
,,,,,,,,,,,
,,,,,,,,,,,
,,,,,,,,,,,
,,,,,,,,,,,
,,,,,,,,,,,
,,,,,,,,,,,
,,,,,,,,,,,
,,,,,,,,,,,
,,,,,,,,,,,
,,,,,,,,,,,
,,,,,,,,,,,
,,,,,,,,,,,
,,,,,,,,,,,
,,,,,,,,,,,
,,,,,,,,,,,
,,,,,,,,,,,
,,,,,,,,,,,
,,,,,,,,,,,
,,,,,,,,,,,
,,,,,,,,,,,
,,,,,,,,,,,
,,,,,,,,,,,
,,,,,,,,,,,
,,,,,,,,,,,
,,,,,,,,,,,
,,,,,,,,,,,
,,,,,,,,,,,
,,,,,,,,,,,
,,,,,,,,,,,
,,,,,,,,,,,
,,,,,,,,,,,
,,,,,,,,,,,
,,,,,,,,,,,
,,,,,,,,,,,
,,,,,,,,,,,
,,,,,,,,,,,
,,,,,,,,,,,
,,,,,,,,,,,
,,,,,,,,,,,
,,,,,,,,,,,
,,,,,,,,,,,
,,,,,,,,,,,
,,,,,,,,,,,
,,,,,,,,,,,
,,,,,,,,,,,
,,,,,,,,,,,
,,,,,,,,,,,
,,,,,,,,,,,
,,,,,,,,,,,
,,,,,,,,,,,
,,,,,,,,,,,
,,,,,,,,,,,
,,,,,,,,,,,
,,,,,,,,,,,
,,,,,,,,,,,
,,,,,,,,,,,
,,,,,,,,,,,
,,,,,,,,,,,
,,,,,,,,,,,
,,,,,,,,,,,